"../../../Engine/Plugins/Marketplace/MetaXR/Content/Materials/MPC_Highlights.uasset" 0
"../../../Engine/Plugins/Marketplace/MetaXR/Content/Materials/MPC_Highlights.uexp" 1
"../../../Engine/Plugins/Animation/ControlRig/Content/Controls/DefaultGizmoLibraryNormalized.uasset" 2
"../../../Engine/Plugins/Animation/ControlRig/Content/Controls/DefaultGizmoLibraryNormalized.uexp" 3
"../../../Engine/Plugins/Animation/ACLPlugin/Content/ACLAnimCurveCompressionSettings.uasset" 4
"../../../Engine/Plugins/Animation/ACLPlugin/Content/ACLAnimCurveCompressionSettings.uexp" 5
"../../../Engine/Plugins/Animation/ACLPlugin/Content/ACLAnimBoneCompressionSettings.uasset" 6
"../../../Engine/Plugins/Animation/ACLPlugin/Content/ACLAnimBoneCompressionSettings.uexp" 7
"../../../Engine/Plugins/2D/Paper2D/Content/PlaceholderTextures/DummySpriteTexture.ubulk" 8
"../../../Engine/Plugins/2D/Paper2D/Content/PlaceholderTextures/DummySpriteTexture.uasset" 9
"../../../Engine/Plugins/2D/Paper2D/Content/PlaceholderTextures/DummySpriteTexture.uexp" 10
"../../../Engine/Plugins/2D/Paper2D/Content/DummySprite.uasset" 11
"../../../Engine/Plugins/2D/Paper2D/Content/DummySprite.uexp" 12
"../../../Engine/Plugins/2D/Paper2D/Content/DefaultPaperTerrainMaterial.uasset" 13
"../../../Engine/Plugins/2D/Paper2D/Content/DefaultPaperTerrainMaterial.uexp" 14
"../../../Engine/Content/EngineSounds/Master.uasset" 15
"../../../Engine/Content/EngineSounds/Master.uexp" 16
"../../../Engine/Content/EngineMaterials/DefaultDestructiblePhysicalMaterial.uasset" 17
"../../../Engine/Content/EngineMaterials/DefaultDestructiblePhysicalMaterial.uexp" 18
"../../../Engine/Content/EngineFonts/Faces/RobotoLight.uexp" 19
"../../../Engine/Content/EngineFonts/Faces/RobotoLight.uasset" 20
"../../../Engine/Content/EngineFonts/Faces/RobotoLight.ufont" 21
"../../../Engine/Content/EngineFonts/Faces/RobotoBold.uexp" 22
"../../../Engine/Content/EngineFonts/Faces/RobotoBold.uasset" 23
"../../../Engine/Content/EngineFonts/Faces/RobotoBold.ufont" 24
"../../../Engine/Content/EngineFonts/Faces/RobotoRegular.uexp" 25
"../../../Engine/Content/EngineFonts/Faces/RobotoRegular.uasset" 26
"../../../Engine/Content/EngineFonts/Faces/RobotoRegular.ufont" 27
"../../../Engine/Content/EngineFonts/Faces/DroidSansFallback.uexp" 28
"../../../Engine/Content/EngineFonts/Faces/DroidSansFallback.uasset" 29
"../../../Engine/Content/EngineFonts/Faces/DroidSansFallback.ufont" 30
"../../../Engine/Content/EngineFonts/Faces/RobotoItalic.uexp" 31
"../../../Engine/Content/EngineFonts/Faces/RobotoItalic.uasset" 32
"../../../Engine/Content/EngineFonts/Faces/RobotoItalic.ufont" 33
"../../../Engine/Content/EngineFonts/Faces/RobotoBoldItalic.uexp" 34
"../../../Engine/Content/EngineFonts/Faces/RobotoBoldItalic.uasset" 35
"../../../Engine/Content/EngineFonts/Faces/RobotoBoldItalic.ufont" 36
"../../../Engine/Content/EngineFonts/Roboto.uasset" 37
"../../../Engine/Content/EngineFonts/Roboto.uexp" 38
"../../../Engine/Content/Animation/DefaultVariableFrameStrippingSettings.uasset" 39
"../../../Engine/Content/Animation/DefaultVariableFrameStrippingSettings.uexp" 40
"../../../Engine/Content/Animation/DefaultRecorderBoneCompression.uasset" 41
"../../../Engine/Content/Animation/DefaultRecorderBoneCompression.uexp" 42
"../../../Engine/Content/EditorResources/S_Actor.ubulk" 43
"../../../Engine/Content/EditorResources/S_Actor.uasset" 44
"../../../Engine/Content/EditorResources/S_Actor.uexp" 45
"../../../Engine/Content/EditorResources/S_BoxReflectionCapture.uasset" 46
"../../../Engine/Content/EditorResources/S_BoxReflectionCapture.uexp" 47
"../../../Engine/Content/EngineResources/DefaultTexture.ubulk" 48
"../../../Engine/Content/EngineResources/DefaultTexture.uasset" 49
"../../../Engine/Content/EngineResources/DefaultTexture.uexp" 50
"../../../Engine/Content/EngineResources/DefaultTextureCube.uasset" 51
"../../../Engine/Content/EngineResources/DefaultTextureCube.uexp" 52
"../../../Engine/Content/EngineResources/DefaultVolumeTexture2D.uasset" 53
"../../../Engine/Content/EngineResources/DefaultVolumeTexture2D.uexp" 54
"../../../Engine/Content/EngineResources/DefaultVolumeTexture.uasset" 55
"../../../Engine/Content/EngineResources/DefaultVolumeTexture.uexp" 56
"../../../Engine/Content/EditorResources/S_Trigger.ubulk" 57
"../../../Engine/Content/EditorResources/S_Trigger.uasset" 58
"../../../Engine/Content/EditorResources/S_Trigger.uexp" 59
"../../../Engine/Content/EditorResources/S_TriggerBox.uasset" 60
"../../../Engine/Content/EditorResources/S_TriggerBox.uexp" 61
"../../../Engine/Content/EditorResources/S_TriggerCapsule.uasset" 62
"../../../Engine/Content/EditorResources/S_TriggerCapsule.uexp" 63
"../../../Engine/Content/EditorResources/S_TriggerSphere.uasset" 64
"../../../Engine/Content/EditorResources/S_TriggerSphere.uexp" 65
"../../../Engine/Content/EngineMeshes/Sphere.ubulk" 66
"../../../Engine/Content/EngineMeshes/Sphere.uasset" 67
"../../../Engine/Content/EngineMeshes/Sphere.uexp" 68
"../../../Engine/Plugins/Runtime/MeshModelingToolset/Content/Materials/M_DynamicMeshComponentVtxColor.uasset" 69
"../../../Engine/Plugins/Runtime/MeshModelingToolset/Content/Materials/M_DynamicMeshComponentVtxColor.uexp" 70
"../../../Engine/Plugins/Runtime/HairStrands/Content/Materials/HairMeshesDefaultMaterial.uasset" 71
"../../../Engine/Plugins/Runtime/HairStrands/Content/Materials/HairMeshesDefaultMaterial.uexp" 72
"../../../Engine/Plugins/Runtime/HairStrands/Content/Materials/HairDefaultMaterial.uasset" 73
"../../../Engine/Plugins/Runtime/HairStrands/Content/Materials/HairDefaultMaterial.uexp" 74
"../../../Engine/Plugins/Runtime/HairStrands/Content/Materials/HairGroupColors.uasset" 75
"../../../Engine/Plugins/Runtime/HairStrands/Content/Materials/HairGroupColors.uexp" 76
"../../../Engine/Content/Functions/Engine_MaterialFunctions02/Utility/MakeFloat2.uasset" 77
"../../../Engine/Content/Functions/Engine_MaterialFunctions02/Utility/MakeFloat2.uexp" 78
"../../../Engine/Content/Functions/Engine_MaterialFunctions02/Utility/MakeFloat3.uasset" 79
"../../../Engine/Content/Functions/Engine_MaterialFunctions02/Utility/MakeFloat3.uexp" 80
"../../../Engine/Content/EngineMaterials/HairColorMap.uasset" 81
"../../../Engine/Content/EngineMaterials/HairColorMap.uexp" 82
"../../../Engine/Content/EngineMaterials/HairDebugColor.uasset" 83
"../../../Engine/Content/EngineMaterials/HairDebugColor.uexp" 84
"../../../Engine/Plugins/Runtime/HairStrands/Content/Materials/HairDebugMaterial.uasset" 85
"../../../Engine/Plugins/Runtime/HairStrands/Content/Materials/HairDebugMaterial.uexp" 86
"../../../Engine/Plugins/Runtime/HairStrands/Content/Materials/HairCardsDefaultMaterial.uasset" 87
"../../../Engine/Plugins/Runtime/HairStrands/Content/Materials/HairCardsDefaultMaterial.uexp" 88
"../../../Engine/Plugins/Runtime/AudioWidgets/Content/Resources/ScrubHandleDown_Clamped.uasset" 89
"../../../Engine/Plugins/Runtime/AudioWidgets/Content/Resources/ScrubHandleDown_Clamped.uexp" 90
"../../../Engine/Content/Functions/Engine_MaterialFunctions02/Texturing/CustomRotator.uasset" 91
"../../../Engine/Content/Functions/Engine_MaterialFunctions02/Texturing/CustomRotator.uexp" 92
"../../../Engine/Content/Functions/Engine_MaterialFunctions02/Utility/BreakOutFloat2Components.uasset" 93
"../../../Engine/Content/Functions/Engine_MaterialFunctions02/Utility/BreakOutFloat2Components.uexp" 94
"../../../Engine/Content/Functions/Engine_MaterialFunctions01/Texturing/ScaleUVsByCenter.uasset" 95
"../../../Engine/Content/Functions/Engine_MaterialFunctions01/Texturing/ScaleUVsByCenter.uexp" 96
"../../../Engine/Plugins/Runtime/AudioWidgets/Content/AudioMaterialSlate/Functions/MF_SingleLine_Smooth.uasset" 97
"../../../Engine/Plugins/Runtime/AudioWidgets/Content/AudioMaterialSlate/Functions/MF_SingleLine_Smooth.uexp" 98
"../../../Engine/Plugins/Runtime/AudioWidgets/Content/AudioMaterialSlate/Functions/MF_AngleGradient.uasset" 99
"../../../Engine/Plugins/Runtime/AudioWidgets/Content/AudioMaterialSlate/Functions/MF_AngleGradient.uexp" 100
"../../../Engine/Plugins/Runtime/AudioWidgets/Content/AudioMaterialSlate/Functions/MF_SingleLine.uasset" 101
"../../../Engine/Plugins/Runtime/AudioWidgets/Content/AudioMaterialSlate/Functions/MF_SingleLine.uexp" 102
"../../../Engine/Content/Functions/Engine_MaterialFunctions01/Gradient/SphereGradient-2D.uasset" 103
"../../../Engine/Content/Functions/Engine_MaterialFunctions01/Gradient/SphereGradient-2D.uexp" 104
"../../../Engine/Plugins/Runtime/AudioWidgets/Content/AudioMaterialSlate/M_AudioMaterialToggleButton.uasset" 105
"../../../Engine/Plugins/Runtime/AudioWidgets/Content/AudioMaterialSlate/M_AudioMaterialToggleButton.uexp" 106
"../../../Engine/Plugins/Runtime/AudioWidgets/Content/AudioMaterialSlate/MI_AudioMaterialToggleButton.uasset" 107
"../../../Engine/Plugins/Runtime/AudioWidgets/Content/AudioMaterialSlate/MI_AudioMaterialToggleButton.uexp" 108
"../../../Engine/Content/Functions/Engine_MaterialFunctions02/Utility/VectorLength.uasset" 109
"../../../Engine/Content/Functions/Engine_MaterialFunctions02/Utility/VectorLength.uexp" 110
"../../../Engine/Content/Functions/Engine_MaterialFunctions01/Gradient/GeneratedRoundRect.uasset" 111
"../../../Engine/Content/Functions/Engine_MaterialFunctions01/Gradient/GeneratedRoundRect.uexp" 112
"../../../Engine/Plugins/Runtime/AudioWidgets/Content/AudioMaterialSlate/M_AudioMaterialRoundedSlider.uasset" 113
"../../../Engine/Plugins/Runtime/AudioWidgets/Content/AudioMaterialSlate/M_AudioMaterialRoundedSlider.uexp" 114
"../../../Engine/Plugins/Runtime/AudioWidgets/Content/AudioMaterialSlate/MI_AudioMaterialRoundedSlider.uasset" 115
"../../../Engine/Plugins/Runtime/AudioWidgets/Content/AudioMaterialSlate/MI_AudioMaterialRoundedSlider.uexp" 116
"../../../Engine/Plugins/Runtime/AudioWidgets/Content/AudioMaterialSlate/Functions/MF_Lines.uasset" 117
"../../../Engine/Plugins/Runtime/AudioWidgets/Content/AudioMaterialSlate/Functions/MF_Lines.uexp" 118
"../../../Engine/Content/Functions/Engine_MaterialFunctions02/Lerp_3Color.uasset" 119
"../../../Engine/Content/Functions/Engine_MaterialFunctions02/Lerp_3Color.uexp" 120
"../../../Engine/Plugins/Runtime/AudioWidgets/Content/AudioMaterialSlate/M_AudioMaterialMeter.uasset" 121
"../../../Engine/Plugins/Runtime/AudioWidgets/Content/AudioMaterialSlate/M_AudioMaterialMeter.uexp" 122
"../../../Engine/Plugins/Runtime/AudioWidgets/Content/AudioMaterialSlate/MI_AudioMaterialMeter.uasset" 123
"../../../Engine/Plugins/Runtime/AudioWidgets/Content/AudioMaterialSlate/MI_AudioMaterialMeter.uexp" 124
"../../../Engine/Plugins/Runtime/AudioWidgets/Content/AudioMaterialSlate/M_AudioMaterialKnob.uasset" 125
"../../../Engine/Plugins/Runtime/AudioWidgets/Content/AudioMaterialSlate/M_AudioMaterialKnob.uexp" 126
"../../../Engine/Plugins/Runtime/AudioWidgets/Content/AudioMaterialSlate/MI_AudioMaterialKnob.uasset" 127
"../../../Engine/Plugins/Runtime/AudioWidgets/Content/AudioMaterialSlate/MI_AudioMaterialKnob.uexp" 128
"../../../Engine/Plugins/Runtime/AudioWidgets/Content/AudioMaterialSlate/Functions/MF_DotOutlined.uasset" 129
"../../../Engine/Plugins/Runtime/AudioWidgets/Content/AudioMaterialSlate/Functions/MF_DotOutlined.uexp" 130
"../../../Engine/Plugins/Runtime/AudioWidgets/Content/AudioMaterialSlate/M_AudioMaterialEnvelope_ADSR.uasset" 131
"../../../Engine/Plugins/Runtime/AudioWidgets/Content/AudioMaterialSlate/M_AudioMaterialEnvelope_ADSR.uexp" 132
"../../../Engine/Plugins/Runtime/AudioWidgets/Content/AudioMaterialSlate/MI_AudioMaterialEnvelope_ADSR.uasset" 133
"../../../Engine/Plugins/Runtime/AudioWidgets/Content/AudioMaterialSlate/MI_AudioMaterialEnvelope_ADSR.uexp" 134
"../../../Engine/Content/EngineMaterials/T_Default_Material_Grid_M.ubulk" 135
"../../../Engine/Content/EngineMaterials/T_Default_Material_Grid_M.uasset" 136
"../../../Engine/Content/EngineMaterials/T_Default_Material_Grid_M.uexp" 137
"../../../Engine/Content/EngineMaterials/T_Default_Material_Grid_N.ubulk" 138
"../../../Engine/Content/EngineMaterials/T_Default_Material_Grid_N.uasset" 139
"../../../Engine/Content/EngineMaterials/T_Default_Material_Grid_N.uexp" 140
"../../../Engine/Content/Functions/Engine_MaterialFunctions01/Opacity/CameraDepthFade.uasset" 141
"../../../Engine/Content/Functions/Engine_MaterialFunctions01/Opacity/CameraDepthFade.uexp" 142
"../../../Engine/Content/EngineMaterials/WorldGridMaterial.uasset" 143
"../../../Engine/Content/EngineMaterials/WorldGridMaterial.uexp" 144
"../../../Engine/Plugins/Media/MediaPlate/Content/SM_MediaPlateScreen.ubulk" 145
"../../../Engine/Plugins/Media/MediaPlate/Content/SM_MediaPlateScreen.uasset" 146
"../../../Engine/Plugins/Media/MediaPlate/Content/SM_MediaPlateScreen.uexp" 147
"../../../Engine/Plugins/Marketplace/MetaXR/Content/Textures/CRT_DistanceMap.uasset" 148
"../../../Engine/Plugins/Marketplace/MetaXR/Content/Textures/CRT_DistanceMap.uexp" 149
"../../../Engine/Plugins/Marketplace/MetaXR/Content/Meshes/SM_Bevelcube.ubulk" 150
"../../../Engine/Plugins/Marketplace/MetaXR/Content/Meshes/SM_Bevelcube.uasset" 151
"../../../Engine/Plugins/Marketplace/MetaXR/Content/Meshes/SM_Bevelcube.uexp" 152
"../../../Engine/Plugins/Marketplace/MetaXR/Content/Textures/TouchForQuestRiftSController_albedo.ubulk" 153
"../../../Engine/Plugins/Marketplace/MetaXR/Content/Textures/TouchForQuestRiftSController_albedo.uasset" 154
"../../../Engine/Plugins/Marketplace/MetaXR/Content/Textures/TouchForQuestRiftSController_albedo.uexp" 155
"../../../Engine/Plugins/Marketplace/MetaXR/Content/Materials/TouchForQuestRiftSControllerMaterial.uasset" 156
"../../../Engine/Plugins/Marketplace/MetaXR/Content/Materials/TouchForQuestRiftSControllerMaterial.uexp" 157
"../../../Engine/Plugins/Marketplace/MetaXR/Content/Meshes/RightTouchForQuestRiftSController.ubulk" 158
"../../../Engine/Plugins/Marketplace/MetaXR/Content/Meshes/RightTouchForQuestRiftSController.uasset" 159
"../../../Engine/Plugins/Marketplace/MetaXR/Content/Meshes/RightTouchForQuestRiftSController.uexp" 160
"../../../Engine/Plugins/Marketplace/MetaXR/Content/Textures/TouchForQuest2_Color.ubulk" 161
"../../../Engine/Plugins/Marketplace/MetaXR/Content/Textures/TouchForQuest2_Color.uasset" 162
"../../../Engine/Plugins/Marketplace/MetaXR/Content/Textures/TouchForQuest2_Color.uexp" 163
"../../../Engine/Plugins/Marketplace/MetaXR/Content/Textures/TouchForQuest2Material_Roughness.ubulk" 164
"../../../Engine/Plugins/Marketplace/MetaXR/Content/Textures/TouchForQuest2Material_Roughness.uasset" 165
"../../../Engine/Plugins/Marketplace/MetaXR/Content/Textures/TouchForQuest2Material_Roughness.uexp" 166
"../../../Engine/Plugins/Marketplace/MetaXR/Content/Materials/TouchForQuest2Material.uasset" 167
"../../../Engine/Plugins/Marketplace/MetaXR/Content/Materials/TouchForQuest2Material.uexp" 168
"../../../Engine/Plugins/Marketplace/MetaXR/Content/Meshes/RightTouchForQuest2.ubulk" 169
"../../../Engine/Plugins/Marketplace/MetaXR/Content/Meshes/RightTouchForQuest2.uasset" 170
"../../../Engine/Plugins/Marketplace/MetaXR/Content/Meshes/RightTouchForQuest2.uexp" 171
"../../../Engine/Plugins/Marketplace/MetaXR/Content/Textures/RightMetaQuestTouchPro_Normal.ubulk" 172
"../../../Engine/Plugins/Marketplace/MetaXR/Content/Textures/RightMetaQuestTouchPro_Normal.uasset" 173
"../../../Engine/Plugins/Marketplace/MetaXR/Content/Textures/RightMetaQuestTouchPro_Normal.uexp" 174
"../../../Engine/Plugins/Marketplace/MetaXR/Content/Textures/RightMetaQuestTouchPro_Color.ubulk" 175
"../../../Engine/Plugins/Marketplace/MetaXR/Content/Textures/RightMetaQuestTouchPro_Color.uasset" 176
"../../../Engine/Plugins/Marketplace/MetaXR/Content/Textures/RightMetaQuestTouchPro_Color.uexp" 177
"../../../Engine/Plugins/Marketplace/MetaXR/Content/Materials/RightMetaQuestTouchProMaterial.uasset" 178
"../../../Engine/Plugins/Marketplace/MetaXR/Content/Materials/RightMetaQuestTouchProMaterial.uexp" 179
"../../../Engine/Plugins/Marketplace/MetaXR/Content/Meshes/RightMetaQuestTouchPro.ubulk" 180
"../../../Engine/Plugins/Marketplace/MetaXR/Content/Meshes/RightMetaQuestTouchPro.uasset" 181
"../../../Engine/Plugins/Marketplace/MetaXR/Content/Meshes/RightMetaQuestTouchPro.uexp" 182
"../../../Engine/Plugins/Marketplace/MetaXR/Content/Textures/RightMetaQuestTouchPlus_Color.ubulk" 183
"../../../Engine/Plugins/Marketplace/MetaXR/Content/Textures/RightMetaQuestTouchPlus_Color.uasset" 184
"../../../Engine/Plugins/Marketplace/MetaXR/Content/Textures/RightMetaQuestTouchPlus_Color.uexp" 185
"../../../Engine/Plugins/Marketplace/MetaXR/Content/Materials/RightMetaQuestTouchPlusMaterial.uasset" 186
"../../../Engine/Plugins/Marketplace/MetaXR/Content/Materials/RightMetaQuestTouchPlusMaterial.uexp" 187
"../../../Engine/Plugins/Marketplace/MetaXR/Content/Meshes/RightMetaQuestTouchPlus.ubulk" 188
"../../../Engine/Plugins/Marketplace/MetaXR/Content/Meshes/RightMetaQuestTouchPlus.uasset" 189
"../../../Engine/Plugins/Marketplace/MetaXR/Content/Meshes/RightMetaQuestTouchPlus.uexp" 190
"../../../Engine/Plugins/Marketplace/MetaXR/Content/Meshes/LeftTouchForQuestRiftSController.ubulk" 191
"../../../Engine/Plugins/Marketplace/MetaXR/Content/Meshes/LeftTouchForQuestRiftSController.uasset" 192
"../../../Engine/Plugins/Marketplace/MetaXR/Content/Meshes/LeftTouchForQuestRiftSController.uexp" 193
"../../../Engine/Plugins/Marketplace/MetaXR/Content/Meshes/LeftTouchForQuest2.ubulk" 194
"../../../Engine/Plugins/Marketplace/MetaXR/Content/Meshes/LeftTouchForQuest2.uasset" 195
"../../../Engine/Plugins/Marketplace/MetaXR/Content/Meshes/LeftTouchForQuest2.uexp" 196
"../../../Engine/Plugins/Marketplace/MetaXR/Content/Textures/LeftMetaQuestTouchPro_Normal.ubulk" 197
"../../../Engine/Plugins/Marketplace/MetaXR/Content/Textures/LeftMetaQuestTouchPro_Normal.uasset" 198
"../../../Engine/Plugins/Marketplace/MetaXR/Content/Textures/LeftMetaQuestTouchPro_Normal.uexp" 199
"../../../Engine/Plugins/Marketplace/MetaXR/Content/Textures/LeftMetaQuestTouchPro_Color.ubulk" 200
"../../../Engine/Plugins/Marketplace/MetaXR/Content/Textures/LeftMetaQuestTouchPro_Color.uasset" 201
"../../../Engine/Plugins/Marketplace/MetaXR/Content/Textures/LeftMetaQuestTouchPro_Color.uexp" 202
"../../../Engine/Plugins/Marketplace/MetaXR/Content/Materials/LeftMetaQuestTouchProMaterial.uasset" 203
"../../../Engine/Plugins/Marketplace/MetaXR/Content/Materials/LeftMetaQuestTouchProMaterial.uexp" 204
"../../../Engine/Plugins/Marketplace/MetaXR/Content/Meshes/LeftMetaQuestTouchPro.ubulk" 205
"../../../Engine/Plugins/Marketplace/MetaXR/Content/Meshes/LeftMetaQuestTouchPro.uasset" 206
"../../../Engine/Plugins/Marketplace/MetaXR/Content/Meshes/LeftMetaQuestTouchPro.uexp" 207
"../../../Engine/Plugins/Marketplace/MetaXR/Content/Textures/LeftMetaQuestTouchPlus_Color.ubulk" 208
"../../../Engine/Plugins/Marketplace/MetaXR/Content/Textures/LeftMetaQuestTouchPlus_Color.uasset" 209
"../../../Engine/Plugins/Marketplace/MetaXR/Content/Textures/LeftMetaQuestTouchPlus_Color.uexp" 210
"../../../Engine/Plugins/Marketplace/MetaXR/Content/Materials/LeftMetaQuestTouchPlusMaterial.uasset" 211
"../../../Engine/Plugins/Marketplace/MetaXR/Content/Materials/LeftMetaQuestTouchPlusMaterial.uexp" 212
"../../../Engine/Plugins/Marketplace/MetaXR/Content/Meshes/LeftMetaQuestTouchPlus.ubulk" 213
"../../../Engine/Plugins/Marketplace/MetaXR/Content/Meshes/LeftMetaQuestTouchPlus.uasset" 214
"../../../Engine/Plugins/Marketplace/MetaXR/Content/Meshes/LeftMetaQuestTouchPlus.uexp" 215
"../../../Engine/Plugins/Marketplace/MetaXR/Content/Materials/PokeAHoleMaterial.uasset" 216
"../../../Engine/Plugins/Marketplace/MetaXR/Content/Materials/PokeAHoleMaterial.uexp" 217
"../../../Engine/Plugins/Marketplace/MetaXR/Content/Materials/OculusMR_OpaqueColoredMaterial.uasset" 218
"../../../Engine/Plugins/Marketplace/MetaXR/Content/Materials/OculusMR_OpaqueColoredMaterial.uexp" 219
"../../../Engine/Plugins/Marketplace/MetaXR/Content/Materials/M_SceneObjectMask.uasset" 220
"../../../Engine/Plugins/Marketplace/MetaXR/Content/Materials/M_SceneObjectMask.uexp" 221
"../../../Engine/Plugins/Marketplace/MetaXR/Content/Textures/CRT_JumpFlood1.uasset" 222
"../../../Engine/Plugins/Marketplace/MetaXR/Content/Textures/CRT_JumpFlood1.uexp" 223
"../../../Engine/Content/Functions/Engine_MaterialFunctions02/Utility/BreakOutFloat4Components.uasset" 224
"../../../Engine/Content/Functions/Engine_MaterialFunctions02/Utility/BreakOutFloat4Components.uexp" 225
"../../../Engine/Content/Functions/Engine_MaterialFunctions01/Texturing/PointSampledUVs.uasset" 226
"../../../Engine/Content/Functions/Engine_MaterialFunctions01/Texturing/PointSampledUVs.uexp" 227
"../../../Engine/Plugins/Marketplace/MetaXR/Content/Materials/M_JFAPass.uasset" 228
"../../../Engine/Plugins/Marketplace/MetaXR/Content/Materials/M_JFAPass.uexp" 229
"../../../Engine/Plugins/Marketplace/MetaXR/Content/Materials/M_FloorMask.uasset" 230
"../../../Engine/Plugins/Marketplace/MetaXR/Content/Materials/M_FloorMask.uexp" 231
"../../../Engine/Plugins/Marketplace/MetaXR/Content/Textures/CRT_JumpFlood2.uasset" 232
"../../../Engine/Plugins/Marketplace/MetaXR/Content/Textures/CRT_JumpFlood2.uexp" 233
"../../../Engine/Plugins/Marketplace/MetaXR/Content/Materials/M_DistanceMapOccupied.uasset" 234
"../../../Engine/Plugins/Marketplace/MetaXR/Content/Materials/M_DistanceMapOccupied.uexp" 235
"../../../Engine/Plugins/Marketplace/MetaXR/Content/Materials/M_DistanceMapFree.uasset" 236
"../../../Engine/Plugins/Marketplace/MetaXR/Content/Materials/M_DistanceMapFree.uexp" 237
"../../../Engine/Plugins/Marketplace/MetaXR/Content/Materials/M_DistanceMapAll.uasset" 238
"../../../Engine/Plugins/Marketplace/MetaXR/Content/Materials/M_DistanceMapAll.uexp" 239
"../../../Engine/Plugins/Marketplace/MetaXR/Content/Textures/CRT_Mask.uasset" 240
"../../../Engine/Plugins/Marketplace/MetaXR/Content/Textures/CRT_Mask.uexp" 241
"../../../Engine/Content/Functions/Engine_MaterialFunctions02/Utility/MakeFloat4.uasset" 242
"../../../Engine/Content/Functions/Engine_MaterialFunctions02/Utility/MakeFloat4.uexp" 243
"../../../Engine/Plugins/Marketplace/MetaXR/Content/Materials/M_CreateMask.uasset" 244
"../../../Engine/Plugins/Marketplace/MetaXR/Content/Materials/M_CreateMask.uexp" 245
"../../../Engine/Plugins/Marketplace/MetaXR/Content/Textures/T_BlobShadow.ubulk" 246
"../../../Engine/Plugins/Marketplace/MetaXR/Content/Textures/T_BlobShadow.uasset" 247
"../../../Engine/Plugins/Marketplace/MetaXR/Content/Textures/T_BlobShadow.uexp" 248
"../../../Engine/Content/Functions/Engine_MaterialFunctions02/WorldPositionOffset/V2/ObjectScale.uasset" 249
"../../../Engine/Content/Functions/Engine_MaterialFunctions02/WorldPositionOffset/V2/ObjectScale.uexp" 250
"../../../Engine/Plugins/Marketplace/MetaXR/Content/Materials/M_BlobShadow.uasset" 251
"../../../Engine/Plugins/Marketplace/MetaXR/Content/Materials/M_BlobShadow.uexp" 252
"../../../Engine/Plugins/Marketplace/MetaXR/Content/Materials/MI_BlobShadow.uasset" 253
"../../../Engine/Plugins/Marketplace/MetaXR/Content/Materials/MI_BlobShadow.uexp" 254
"../../../Engine/Plugins/Interchange/Assets/Content/Functions/MX_UsdPreviewSurface.uasset" 255
"../../../Engine/Plugins/Interchange/Assets/Content/Functions/MX_UsdPreviewSurface.uexp" 256
"../../../Engine/Plugins/Interchange/Assets/Content/Functions/MX_UniformEDF.uasset" 257
"../../../Engine/Plugins/Interchange/Assets/Content/Functions/MX_UniformEDF.uexp" 258
"../../../Engine/Plugins/Interchange/Assets/Content/Functions/MX_TranslucentBSDF.uasset" 259
"../../../Engine/Plugins/Interchange/Assets/Content/Functions/MX_TranslucentBSDF.uexp" 260
"../../../Engine/Plugins/Interchange/Assets/Content/Functions/MX_ThinFilmBSDF.uasset" 261
"../../../Engine/Plugins/Interchange/Assets/Content/Functions/MX_ThinFilmBSDF.uexp" 262
"../../../Engine/Plugins/Interchange/Assets/Content/Functions/MX_SurfaceUnlit.uasset" 263
"../../../Engine/Plugins/Interchange/Assets/Content/Functions/MX_SurfaceUnlit.uexp" 264
"../../../Engine/Plugins/Interchange/Assets/Content/Functions/MX_Surface.uasset" 265
"../../../Engine/Plugins/Interchange/Assets/Content/Functions/MX_Surface.uexp" 266
"../../../Engine/Plugins/Interchange/Assets/Content/Functions/MX_SubsurfaceBSDF.uasset" 267
"../../../Engine/Plugins/Interchange/Assets/Content/Functions/MX_SubsurfaceBSDF.uexp" 268
"../../../Engine/Plugins/Interchange/Assets/Content/Functions/MX_SheenBSDF.uasset" 269
"../../../Engine/Plugins/Interchange/Assets/Content/Functions/MX_SheenBSDF.uexp" 270
"../../../Engine/Plugins/Interchange/Assets/Content/Functions/MX_OrenNayarBSDF.uasset" 271
"../../../Engine/Plugins/Interchange/Assets/Content/Functions/MX_OrenNayarBSDF.uexp" 272
"../../../Engine/Plugins/Interchange/Assets/Content/Utilities/New_LUT.uasset" 273
"../../../Engine/Plugins/Interchange/Assets/Content/Utilities/New_LUT.uexp" 274
"../../../Engine/Content/Functions/Engine_MaterialFunctions03/Math/RemapValueRange.uasset" 275
"../../../Engine/Content/Functions/Engine_MaterialFunctions03/Math/RemapValueRange.uexp" 276
"../../../Engine/Plugins/Interchange/Assets/Content/Functions/MF_Iridescence.uasset" 277
"../../../Engine/Plugins/Interchange/Assets/Content/Functions/MF_Iridescence.uexp" 278
"../../../Engine/Plugins/Interchange/Assets/Content/Functions/MX_StandardSurface.uasset" 279
"../../../Engine/Plugins/Interchange/Assets/Content/Functions/MX_StandardSurface.uexp" 280
"../../../Engine/Plugins/Interchange/Assets/Content/Functions/MX_TransmissionSurface.uasset" 281
"../../../Engine/Plugins/Interchange/Assets/Content/Functions/MX_TransmissionSurface.uexp" 282
"../../../Engine/Plugins/Interchange/Assets/Content/Functions/MX_OpenPBR_Translucent.uasset" 283
"../../../Engine/Plugins/Interchange/Assets/Content/Functions/MX_OpenPBR_Translucent.uexp" 284
"../../../Engine/Plugins/Interchange/Assets/Content/Functions/MX_OpenPBR_Opaque.uasset" 285
"../../../Engine/Plugins/Interchange/Assets/Content/Functions/MX_OpenPBR_Opaque.uexp" 286
"../../../Engine/Plugins/Interchange/Assets/Content/Functions/MX_MeasuredEDF.uasset" 287
"../../../Engine/Plugins/Interchange/Assets/Content/Functions/MX_MeasuredEDF.uexp" 288
"../../../Engine/Plugins/Interchange/Assets/Content/Functions/MX_GeneralizedSchlickBSDF.uasset" 289
"../../../Engine/Plugins/Interchange/Assets/Content/Functions/MX_GeneralizedSchlickBSDF.uexp" 290
"../../../Engine/Plugins/Interchange/Assets/Content/Functions/MX_DielectricBSDF.uasset" 291
"../../../Engine/Plugins/Interchange/Assets/Content/Functions/MX_DielectricBSDF.uexp" 292
"../../../Engine/Plugins/Interchange/Assets/Content/Functions/MX_ConicalEDF.uasset" 293
"../../../Engine/Plugins/Interchange/Assets/Content/Functions/MX_ConicalEDF.uexp" 294
"../../../Engine/Plugins/Interchange/Assets/Content/Functions/MX_ConductorBSDF.uasset" 295
"../../../Engine/Plugins/Interchange/Assets/Content/Functions/MX_ConductorBSDF.uexp" 296
"../../../Engine/Plugins/Interchange/Assets/Content/Functions/MX_BurleyDiffuseBSDF.uasset" 297
"../../../Engine/Plugins/Interchange/Assets/Content/Functions/MX_BurleyDiffuseBSDF.uexp" 298
"../../../Engine/Plugins/Interchange/Assets/Content/Functions/MX_AnisotropicVDF.uasset" 299
"../../../Engine/Plugins/Interchange/Assets/Content/Functions/MX_AnisotropicVDF.uexp" 300
"../../../Engine/Plugins/Interchange/Assets/Content/Functions/MX_AbsorptionVDF.uasset" 301
"../../../Engine/Plugins/Interchange/Assets/Content/Functions/MX_AbsorptionVDF.uexp" 302
"../../../Engine/Content/EngineResources/GradientTexture0.uasset" 303
"../../../Engine/Content/EngineResources/GradientTexture0.uexp" 304
"../../../Engine/Plugins/Editor/SpeedTreeImporter/Content/SpeedTree9/game_wind_noise.ubulk" 305
"../../../Engine/Plugins/Editor/SpeedTreeImporter/Content/SpeedTree9/game_wind_noise.uasset" 306
"../../../Engine/Plugins/Editor/SpeedTreeImporter/Content/SpeedTree9/game_wind_noise.uexp" 307
"../../../Engine/Plugins/Editor/SpeedTreeImporter/Content/SpeedTree9/UnpackDirection.uasset" 308
"../../../Engine/Plugins/Editor/SpeedTreeImporter/Content/SpeedTree9/UnpackDirection.uexp" 309
"../../../Engine/Content/Functions/Engine_MaterialFunctions02/ObjectLocalBounds.uasset" 310
"../../../Engine/Content/Functions/Engine_MaterialFunctions02/ObjectLocalBounds.uexp" 311
"../../../Engine/Content/Functions/Engine_MaterialFunctions02/Utility/BreakOutFloat3Components.uasset" 312
"../../../Engine/Content/Functions/Engine_MaterialFunctions02/Utility/BreakOutFloat3Components.uexp" 313
"../../../Engine/Content/Functions/Engine_MaterialFunctions02/UVs/BoundingBoxBased_0-1_UVW.uasset" 314
"../../../Engine/Content/Functions/Engine_MaterialFunctions02/UVs/BoundingBoxBased_0-1_UVW.uexp" 315
"../../../Engine/Plugins/Editor/SpeedTreeImporter/Content/SpeedTree9/UnpackInteger3.uasset" 316
"../../../Engine/Plugins/Editor/SpeedTreeImporter/Content/SpeedTree9/UnpackInteger3.uexp" 317
"../../../Engine/Plugins/Editor/SpeedTreeImporter/Content/SpeedTree9/SpeedTreeCameraFacing.uasset" 318
"../../../Engine/Plugins/Editor/SpeedTreeImporter/Content/SpeedTree9/SpeedTreeCameraFacing.uexp" 319
"../../../Engine/Content/Functions/Engine_MaterialFunctions02/WorldPositionOffset/ObjectScale.uasset" 320
"../../../Engine/Content/Functions/Engine_MaterialFunctions02/WorldPositionOffset/ObjectScale.uexp" 321
"../../../Engine/Content/Functions/Engine_MaterialFunctions02/SafeNormalize.uasset" 322
"../../../Engine/Content/Functions/Engine_MaterialFunctions02/SafeNormalize.uexp" 323
"../../../Engine/Plugins/Editor/SpeedTreeImporter/Content/SpeedTree9/SpeedTreeWindMotion.uasset" 324
"../../../Engine/Plugins/Editor/SpeedTreeImporter/Content/SpeedTree9/SpeedTreeWindMotion.uexp" 325
"../../../Engine/Plugins/Editor/SpeedTreeImporter/Content/SpeedTree9/SpeedTreeBranchMotion.uasset" 326
"../../../Engine/Plugins/Editor/SpeedTreeImporter/Content/SpeedTree9/SpeedTreeBranchMotion.uexp" 327
"../../../Engine/Plugins/Editor/SpeedTreeImporter/Content/SpeedTree9/SpeedTreeWind.uasset" 328
"../../../Engine/Plugins/Editor/SpeedTreeImporter/Content/SpeedTree9/SpeedTreeWind.uexp" 329
"../../../Engine/Plugins/Editor/SpeedTreeImporter/Content/SpeedTree9/EmptyNormal.uasset" 330
"../../../Engine/Plugins/Editor/SpeedTreeImporter/Content/SpeedTree9/EmptyNormal.uexp" 331
"../../../Engine/Plugins/Editor/SpeedTreeImporter/Content/SpeedTree9/Empty.uasset" 332
"../../../Engine/Plugins/Editor/SpeedTreeImporter/Content/SpeedTree9/Empty.uexp" 333
"../../../Engine/Plugins/Editor/SpeedTreeImporter/Content/SpeedTree9/SpeedTreeMaster.uasset" 334
"../../../Engine/Plugins/Editor/SpeedTreeImporter/Content/SpeedTree9/SpeedTreeMaster.uexp" 335
"../../../Engine/Plugins/Editor/SpeedTreeImporter/Content/SpeedTree9/SpeedTreeBillboard.uasset" 336
"../../../Engine/Plugins/Editor/SpeedTreeImporter/Content/SpeedTree9/SpeedTreeBillboard.uexp" 337
"../../../Engine/Plugins/Editor/SpeedTreeImporter/Content/SpeedTree9/SpeedTreeBillboardMaster.uasset" 338
"../../../Engine/Plugins/Editor/SpeedTreeImporter/Content/SpeedTree9/SpeedTreeBillboardMaster.uexp" 339
"../../../Engine/Content/Functions/Engine_MaterialFunctions02/WorldPositionOffset/CameraOffset.uasset" 340
"../../../Engine/Content/Functions/Engine_MaterialFunctions02/WorldPositionOffset/CameraOffset.uexp" 341
"../../../Engine/Plugins/Animation/ControlRig/Content/M_Manip.uasset" 342
"../../../Engine/Plugins/Animation/ControlRig/Content/M_Manip.uexp" 343
"../../../Engine/Plugins/Animation/ControlRig/Content/Controls/ControlRig_Wedge_solid.ubulk" 344
"../../../Engine/Plugins/Animation/ControlRig/Content/Controls/ControlRig_Wedge_solid.uasset" 345
"../../../Engine/Plugins/Animation/ControlRig/Content/Controls/ControlRig_Wedge_solid.uexp" 346
"../../../Engine/Plugins/Animation/ControlRig/Content/Controls/ControlRig_Wedge_3mm.ubulk" 347
"../../../Engine/Plugins/Animation/ControlRig/Content/Controls/ControlRig_Wedge_3mm.uasset" 348
"../../../Engine/Plugins/Animation/ControlRig/Content/Controls/ControlRig_Wedge_3mm.uexp" 349
"../../../Engine/Plugins/Animation/ControlRig/Content/Controls/ControlRig_Wedge_1mm.ubulk" 350
"../../../Engine/Plugins/Animation/ControlRig/Content/Controls/ControlRig_Wedge_1mm.uasset" 351
"../../../Engine/Plugins/Animation/ControlRig/Content/Controls/ControlRig_Wedge_1mm.uexp" 352
"../../../Engine/Plugins/Animation/ControlRig/Content/Controls/ControlRig_Triangle_solid.ubulk" 353
"../../../Engine/Plugins/Animation/ControlRig/Content/Controls/ControlRig_Triangle_solid.uasset" 354
"../../../Engine/Plugins/Animation/ControlRig/Content/Controls/ControlRig_Triangle_solid.uexp" 355
"../../../Engine/Plugins/Animation/ControlRig/Content/Controls/ControlRig_Triangle_3mm.ubulk" 356
"../../../Engine/Plugins/Animation/ControlRig/Content/Controls/ControlRig_Triangle_3mm.uasset" 357
"../../../Engine/Plugins/Animation/ControlRig/Content/Controls/ControlRig_Triangle_3mm.uexp" 358
"../../../Engine/Plugins/Animation/ControlRig/Content/Controls/ControlRig_Triangle_1mm.ubulk" 359
"../../../Engine/Plugins/Animation/ControlRig/Content/Controls/ControlRig_Triangle_1mm.uasset" 360
"../../../Engine/Plugins/Animation/ControlRig/Content/Controls/ControlRig_Triangle_1mm.uexp" 361
"../../../Engine/Plugins/Animation/ControlRig/Content/Controls/ControlRig_Star4_solid.ubulk" 362
"../../../Engine/Plugins/Animation/ControlRig/Content/Controls/ControlRig_Star4_solid.uasset" 363
"../../../Engine/Plugins/Animation/ControlRig/Content/Controls/ControlRig_Star4_solid.uexp" 364
"../../../Engine/Plugins/Animation/ControlRig/Content/Controls/ControlRig_Star4_3mm.ubulk" 365
"../../../Engine/Plugins/Animation/ControlRig/Content/Controls/ControlRig_Star4_3mm.uasset" 366
"../../../Engine/Plugins/Animation/ControlRig/Content/Controls/ControlRig_Star4_3mm.uexp" 367
"../../../Engine/Plugins/Animation/ControlRig/Content/Controls/ControlRig_Star4_1mm.ubulk" 368
"../../../Engine/Plugins/Animation/ControlRig/Content/Controls/ControlRig_Star4_1mm.uasset" 369
"../../../Engine/Plugins/Animation/ControlRig/Content/Controls/ControlRig_Star4_1mm.uexp" 370
"../../../Engine/Plugins/Animation/ControlRig/Content/Controls/ControlRig_Square_solid.ubulk" 371
"../../../Engine/Plugins/Animation/ControlRig/Content/Controls/ControlRig_Square_solid.uasset" 372
"../../../Engine/Plugins/Animation/ControlRig/Content/Controls/ControlRig_Square_solid.uexp" 373
"../../../Engine/Plugins/Animation/ControlRig/Content/Controls/ControlRig_Square_3mm.ubulk" 374
"../../../Engine/Plugins/Animation/ControlRig/Content/Controls/ControlRig_Square_3mm.uasset" 375
"../../../Engine/Plugins/Animation/ControlRig/Content/Controls/ControlRig_Square_3mm.uexp" 376
"../../../Engine/Plugins/Animation/ControlRig/Content/Controls/ControlRig_Square_1mm.ubulk" 377
"../../../Engine/Plugins/Animation/ControlRig/Content/Controls/ControlRig_Square_1mm.uasset" 378
"../../../Engine/Plugins/Animation/ControlRig/Content/Controls/ControlRig_Square_1mm.uexp" 379
"../../../Engine/Plugins/Animation/ControlRig/Content/Controls/ControlRig_Sphere_solid.ubulk" 380
"../../../Engine/Plugins/Animation/ControlRig/Content/Controls/ControlRig_Sphere_solid.uasset" 381
"../../../Engine/Plugins/Animation/ControlRig/Content/Controls/ControlRig_Sphere_solid.uexp" 382
"../../../Engine/Plugins/Animation/ControlRig/Content/Controls/ControlRig_Sphere_3mm.ubulk" 383
"../../../Engine/Plugins/Animation/ControlRig/Content/Controls/ControlRig_Sphere_3mm.uasset" 384
"../../../Engine/Plugins/Animation/ControlRig/Content/Controls/ControlRig_Sphere_3mm.uexp" 385
"../../../Engine/Plugins/Animation/ControlRig/Content/Controls/ControlRig_Sphere_1mm.ubulk" 386
"../../../Engine/Plugins/Animation/ControlRig/Content/Controls/ControlRig_Sphere_1mm.uasset" 387
"../../../Engine/Plugins/Animation/ControlRig/Content/Controls/ControlRig_Sphere_1mm.uexp" 388
"../../../Engine/Plugins/Animation/ControlRig/Content/Controls/ControlRig_RoundedTriangle_solid.ubulk" 389
"../../../Engine/Plugins/Animation/ControlRig/Content/Controls/ControlRig_RoundedTriangle_solid.uasset" 390
"../../../Engine/Plugins/Animation/ControlRig/Content/Controls/ControlRig_RoundedTriangle_solid.uexp" 391
"../../../Engine/Plugins/Animation/ControlRig/Content/Controls/ControlRig_RoundedTriangle_3mm.ubulk" 392
"../../../Engine/Plugins/Animation/ControlRig/Content/Controls/ControlRig_RoundedTriangle_3mm.uasset" 393
"../../../Engine/Plugins/Animation/ControlRig/Content/Controls/ControlRig_RoundedTriangle_3mm.uexp" 394
"../../../Engine/Plugins/Animation/ControlRig/Content/Controls/ControlRig_RoundedTriangle_1mm.ubulk" 395
"../../../Engine/Plugins/Animation/ControlRig/Content/Controls/ControlRig_RoundedTriangle_1mm.uasset" 396
"../../../Engine/Plugins/Animation/ControlRig/Content/Controls/ControlRig_RoundedTriangle_1mm.uexp" 397
"../../../Engine/Plugins/Animation/ControlRig/Content/Controls/ControlRig_RoundedSquare_solid.ubulk" 398
"../../../Engine/Plugins/Animation/ControlRig/Content/Controls/ControlRig_RoundedSquare_solid.uasset" 399
"../../../Engine/Plugins/Animation/ControlRig/Content/Controls/ControlRig_RoundedSquare_solid.uexp" 400
"../../../Engine/Plugins/Animation/ControlRig/Content/Controls/ControlRig_RoundedSquare_3mm.ubulk" 401
"../../../Engine/Plugins/Animation/ControlRig/Content/Controls/ControlRig_RoundedSquare_3mm.uasset" 402
"../../../Engine/Plugins/Animation/ControlRig/Content/Controls/ControlRig_RoundedSquare_3mm.uexp" 403
"../../../Engine/Plugins/Animation/ControlRig/Content/Controls/ControlRig_RoundedSquare_1mm.ubulk" 404
"../../../Engine/Plugins/Animation/ControlRig/Content/Controls/ControlRig_RoundedSquare_1mm.uasset" 405
"../../../Engine/Plugins/Animation/ControlRig/Content/Controls/ControlRig_RoundedSquare_1mm.uexp" 406
"../../../Engine/Plugins/Animation/ControlRig/Content/Controls/ControlRig_QuarterCircle_solid.ubulk" 407
"../../../Engine/Plugins/Animation/ControlRig/Content/Controls/ControlRig_QuarterCircle_solid.uasset" 408
"../../../Engine/Plugins/Animation/ControlRig/Content/Controls/ControlRig_QuarterCircle_solid.uexp" 409
"../../../Engine/Plugins/Animation/ControlRig/Content/Controls/ControlRig_QuarterCircle_3mm.ubulk" 410
"../../../Engine/Plugins/Animation/ControlRig/Content/Controls/ControlRig_QuarterCircle_3mm.uasset" 411
"../../../Engine/Plugins/Animation/ControlRig/Content/Controls/ControlRig_QuarterCircle_3mm.uexp" 412
"../../../Engine/Plugins/Animation/ControlRig/Content/Controls/ControlRig_QuarterCircle_1mm.ubulk" 413
"../../../Engine/Plugins/Animation/ControlRig/Content/Controls/ControlRig_QuarterCircle_1mm.uasset" 414
"../../../Engine/Plugins/Animation/ControlRig/Content/Controls/ControlRig_QuarterCircle_1mm.uexp" 415
"../../../Engine/Plugins/Animation/ControlRig/Content/Controls/ControlRig_Pyramid_solid.ubulk" 416
"../../../Engine/Plugins/Animation/ControlRig/Content/Controls/ControlRig_Pyramid_solid.uasset" 417
"../../../Engine/Plugins/Animation/ControlRig/Content/Controls/ControlRig_Pyramid_solid.uexp" 418
"../../../Engine/Plugins/Animation/ControlRig/Content/Controls/ControlRig_Pyramid_3mm.ubulk" 419
"../../../Engine/Plugins/Animation/ControlRig/Content/Controls/ControlRig_Pyramid_3mm.uasset" 420
"../../../Engine/Plugins/Animation/ControlRig/Content/Controls/ControlRig_Pyramid_3mm.uexp" 421
"../../../Engine/Plugins/Animation/ControlRig/Content/Controls/ControlRig_Pyramid_1mm.ubulk" 422
"../../../Engine/Plugins/Animation/ControlRig/Content/Controls/ControlRig_Pyramid_1mm.uasset" 423
"../../../Engine/Plugins/Animation/ControlRig/Content/Controls/ControlRig_Pyramid_1mm.uexp" 424
"../../../Engine/Plugins/Animation/ControlRig/Content/Controls/ControlRig_Octagon_solid.ubulk" 425
"../../../Engine/Plugins/Animation/ControlRig/Content/Controls/ControlRig_Octagon_solid.uasset" 426
"../../../Engine/Plugins/Animation/ControlRig/Content/Controls/ControlRig_Octagon_solid.uexp" 427
"../../../Engine/Plugins/Animation/ControlRig/Content/Controls/ControlRig_Octagon_3mm.ubulk" 428
"../../../Engine/Plugins/Animation/ControlRig/Content/Controls/ControlRig_Octagon_3mm.uasset" 429
"../../../Engine/Plugins/Animation/ControlRig/Content/Controls/ControlRig_Octagon_3mm.uexp" 430
"../../../Engine/Plugins/Animation/ControlRig/Content/Controls/ControlRig_Octagon_1mm.ubulk" 431
"../../../Engine/Plugins/Animation/ControlRig/Content/Controls/ControlRig_Octagon_1mm.uasset" 432
"../../../Engine/Plugins/Animation/ControlRig/Content/Controls/ControlRig_Octagon_1mm.uexp" 433
"../../../Engine/Plugins/Animation/ControlRig/Content/Controls/ControlRig_Hexagon_solid.ubulk" 434
"../../../Engine/Plugins/Animation/ControlRig/Content/Controls/ControlRig_Hexagon_solid.uasset" 435
"../../../Engine/Plugins/Animation/ControlRig/Content/Controls/ControlRig_Hexagon_solid.uexp" 436
"../../../Engine/Plugins/Animation/ControlRig/Content/Controls/ControlRig_Hexagon_3mm.ubulk" 437
"../../../Engine/Plugins/Animation/ControlRig/Content/Controls/ControlRig_Hexagon_3mm.uasset" 438
"../../../Engine/Plugins/Animation/ControlRig/Content/Controls/ControlRig_Hexagon_3mm.uexp" 439
"../../../Engine/Plugins/Animation/ControlRig/Content/Controls/ControlRig_Hexagon_1mm.ubulk" 440
"../../../Engine/Plugins/Animation/ControlRig/Content/Controls/ControlRig_Hexagon_1mm.uasset" 441
"../../../Engine/Plugins/Animation/ControlRig/Content/Controls/ControlRig_Hexagon_1mm.uexp" 442
"../../../Engine/Plugins/Animation/ControlRig/Content/Controls/ControlRig_HalfCircle_solid.ubulk" 443
"../../../Engine/Plugins/Animation/ControlRig/Content/Controls/ControlRig_HalfCircle_solid.uasset" 444
"../../../Engine/Plugins/Animation/ControlRig/Content/Controls/ControlRig_HalfCircle_solid.uexp" 445
"../../../Engine/Plugins/Animation/ControlRig/Content/Controls/ControlRig_HalfCircle_3mm.ubulk" 446
"../../../Engine/Plugins/Animation/ControlRig/Content/Controls/ControlRig_HalfCircle_3mm.uasset" 447
"../../../Engine/Plugins/Animation/ControlRig/Content/Controls/ControlRig_HalfCircle_3mm.uexp" 448
"../../../Engine/Plugins/Animation/ControlRig/Content/Controls/ControlRig_HalfCircle_1mm.ubulk" 449
"../../../Engine/Plugins/Animation/ControlRig/Content/Controls/ControlRig_HalfCircle_1mm.uasset" 450
"../../../Engine/Plugins/Animation/ControlRig/Content/Controls/ControlRig_HalfCircle_1mm.uexp" 451
"../../../Engine/Plugins/Animation/ControlRig/Content/Controls/ControlRig_Diamond_solid.ubulk" 452
"../../../Engine/Plugins/Animation/ControlRig/Content/Controls/ControlRig_Diamond_solid.uasset" 453
"../../../Engine/Plugins/Animation/ControlRig/Content/Controls/ControlRig_Diamond_solid.uexp" 454
"../../../Engine/Plugins/Animation/ControlRig/Content/Controls/ControlRig_Diamond_3mm.ubulk" 455
"../../../Engine/Plugins/Animation/ControlRig/Content/Controls/ControlRig_Diamond_3mm.uasset" 456
"../../../Engine/Plugins/Animation/ControlRig/Content/Controls/ControlRig_Diamond_3mm.uexp" 457
"../../../Engine/Plugins/Animation/ControlRig/Content/Controls/ControlRig_Diamond_1mm.ubulk" 458
"../../../Engine/Plugins/Animation/ControlRig/Content/Controls/ControlRig_Diamond_1mm.uasset" 459
"../../../Engine/Plugins/Animation/ControlRig/Content/Controls/ControlRig_Diamond_1mm.uexp" 460
"../../../Engine/Plugins/Animation/ControlRig/Content/Controls/ControlRig_Circle_solid.ubulk" 461
"../../../Engine/Plugins/Animation/ControlRig/Content/Controls/ControlRig_Circle_solid.uasset" 462
"../../../Engine/Plugins/Animation/ControlRig/Content/Controls/ControlRig_Circle_solid.uexp" 463
"../../../Engine/Plugins/Animation/ControlRig/Content/Controls/ControlRig_Circle_3mm.ubulk" 464
"../../../Engine/Plugins/Animation/ControlRig/Content/Controls/ControlRig_Circle_3mm.uasset" 465
"../../../Engine/Plugins/Animation/ControlRig/Content/Controls/ControlRig_Circle_3mm.uexp" 466
"../../../Engine/Plugins/Animation/ControlRig/Content/Controls/ControlRig_Circle_1mm.ubulk" 467
"../../../Engine/Plugins/Animation/ControlRig/Content/Controls/ControlRig_Circle_1mm.uasset" 468
"../../../Engine/Plugins/Animation/ControlRig/Content/Controls/ControlRig_Circle_1mm.uexp" 469
"../../../Engine/Plugins/Animation/ControlRig/Content/Controls/ControlRig_Box_solid.ubulk" 470
"../../../Engine/Plugins/Animation/ControlRig/Content/Controls/ControlRig_Box_solid.uasset" 471
"../../../Engine/Plugins/Animation/ControlRig/Content/Controls/ControlRig_Box_solid.uexp" 472
"../../../Engine/Plugins/Animation/ControlRig/Content/Controls/ControlRig_Box_3mm.ubulk" 473
"../../../Engine/Plugins/Animation/ControlRig/Content/Controls/ControlRig_Box_3mm.uasset" 474
"../../../Engine/Plugins/Animation/ControlRig/Content/Controls/ControlRig_Box_3mm.uexp" 475
"../../../Engine/Plugins/Animation/ControlRig/Content/Controls/ControlRig_Box_1mm.ubulk" 476
"../../../Engine/Plugins/Animation/ControlRig/Content/Controls/ControlRig_Box_1mm.uasset" 477
"../../../Engine/Plugins/Animation/ControlRig/Content/Controls/ControlRig_Box_1mm.uexp" 478
"../../../Engine/Plugins/Animation/ControlRig/Content/Controls/ControlRig_Arrow_solid.ubulk" 479
"../../../Engine/Plugins/Animation/ControlRig/Content/Controls/ControlRig_Arrow_solid.uasset" 480
"../../../Engine/Plugins/Animation/ControlRig/Content/Controls/ControlRig_Arrow_solid.uexp" 481
"../../../Engine/Plugins/Animation/ControlRig/Content/Controls/ControlRig_Arrow_3mm.ubulk" 482
"../../../Engine/Plugins/Animation/ControlRig/Content/Controls/ControlRig_Arrow_3mm.uasset" 483
"../../../Engine/Plugins/Animation/ControlRig/Content/Controls/ControlRig_Arrow_3mm.uexp" 484
"../../../Engine/Plugins/Animation/ControlRig/Content/Controls/ControlRig_Arrow_1mm.ubulk" 485
"../../../Engine/Plugins/Animation/ControlRig/Content/Controls/ControlRig_Arrow_1mm.uasset" 486
"../../../Engine/Plugins/Animation/ControlRig/Content/Controls/ControlRig_Arrow_1mm.uexp" 487
"../../../Engine/Plugins/Animation/ControlRig/Content/Controls/ControlRig_Arrow4_solid.ubulk" 488
"../../../Engine/Plugins/Animation/ControlRig/Content/Controls/ControlRig_Arrow4_solid.uasset" 489
"../../../Engine/Plugins/Animation/ControlRig/Content/Controls/ControlRig_Arrow4_solid.uexp" 490
"../../../Engine/Plugins/Animation/ControlRig/Content/Controls/ControlRig_Arrow4_3mm.ubulk" 491
"../../../Engine/Plugins/Animation/ControlRig/Content/Controls/ControlRig_Arrow4_3mm.uasset" 492
"../../../Engine/Plugins/Animation/ControlRig/Content/Controls/ControlRig_Arrow4_3mm.uexp" 493
"../../../Engine/Plugins/Animation/ControlRig/Content/Controls/ControlRig_Arrow4_1mm.ubulk" 494
"../../../Engine/Plugins/Animation/ControlRig/Content/Controls/ControlRig_Arrow4_1mm.uasset" 495
"../../../Engine/Plugins/Animation/ControlRig/Content/Controls/ControlRig_Arrow4_1mm.uexp" 496
"../../../Engine/Plugins/Animation/ControlRig/Content/Controls/ControlRig_Arrow2_solid.ubulk" 497
"../../../Engine/Plugins/Animation/ControlRig/Content/Controls/ControlRig_Arrow2_solid.uasset" 498
"../../../Engine/Plugins/Animation/ControlRig/Content/Controls/ControlRig_Arrow2_solid.uexp" 499
"../../../Engine/Plugins/Animation/ControlRig/Content/Controls/ControlRig_Arrow2_3mm.ubulk" 500
"../../../Engine/Plugins/Animation/ControlRig/Content/Controls/ControlRig_Arrow2_3mm.uasset" 501
"../../../Engine/Plugins/Animation/ControlRig/Content/Controls/ControlRig_Arrow2_3mm.uexp" 502
"../../../Engine/Plugins/Animation/ControlRig/Content/Controls/ControlRig_Arrow2_1mm.ubulk" 503
"../../../Engine/Plugins/Animation/ControlRig/Content/Controls/ControlRig_Arrow2_1mm.uasset" 504
"../../../Engine/Plugins/Animation/ControlRig/Content/Controls/ControlRig_Arrow2_1mm.uexp" 505
"../../../Engine/Plugins/Animation/ControlRig/Content/Controls/ControlRigXRayMaterial.uasset" 506
"../../../Engine/Plugins/Animation/ControlRig/Content/Controls/ControlRigXRayMaterial.uexp" 507
"../../../Engine/Plugins/Animation/ControlRig/Content/Controls/ControlRigGizmoMaterial.uasset" 508
"../../../Engine/Plugins/Animation/ControlRig/Content/Controls/ControlRigGizmoMaterial.uexp" 509
"../../../Engine/Plugins/2D/Paper2D/Content/DefaultSpriteMaterial.uasset" 510
"../../../Engine/Plugins/2D/Paper2D/Content/DefaultSpriteMaterial.uexp" 511
"../../../Engine/Plugins/2D/Paper2D/Content/OpaqueUnlitSpriteMaterial.uasset" 512
"../../../Engine/Plugins/2D/Paper2D/Content/OpaqueUnlitSpriteMaterial.uexp" 513
"../../../Engine/Plugins/2D/Paper2D/Content/MaskedUnlitSpriteMaterial.uasset" 514
"../../../Engine/Plugins/2D/Paper2D/Content/MaskedUnlitSpriteMaterial.uexp" 515
"../../../Engine/Content/EngineSky/VolumetricClouds/T_CloudMask.ubulk" 516
"../../../Engine/Content/EngineSky/VolumetricClouds/T_CloudMask.uasset" 517
"../../../Engine/Content/EngineSky/VolumetricClouds/T_CloudMask.uexp" 518
"../../../Engine/Content/EngineSky/VolumetricClouds/VT_Lightning.uasset" 519
"../../../Engine/Content/EngineSky/VolumetricClouds/VT_Lightning.uexp" 520
"../../../Engine/Content/EngineSky/VolumetricClouds/T_Profile_08.ubulk" 521
"../../../Engine/Content/EngineSky/VolumetricClouds/T_Profile_08.uasset" 522
"../../../Engine/Content/EngineSky/VolumetricClouds/T_Profile_08.uexp" 523
"../../../Engine/Content/Functions/Engine_MaterialFunctions01/Units/Km-to-Cm.uasset" 524
"../../../Engine/Content/Functions/Engine_MaterialFunctions01/Units/Km-to-Cm.uexp" 525
"../../../Engine/Content/EngineSky/VolumetricClouds/T_CloudPattern.ubulk" 526
"../../../Engine/Content/EngineSky/VolumetricClouds/T_CloudPattern.uasset" 527
"../../../Engine/Content/EngineSky/VolumetricClouds/T_CloudPattern.uexp" 528
"../../../Engine/Content/EngineSky/VolumetricClouds/VT_PerlinWorley_Balanced.uasset" 529
"../../../Engine/Content/EngineSky/VolumetricClouds/VT_PerlinWorley_Balanced.uexp" 530
"../../../Engine/Content/EngineSky/VolumetricClouds/m_SimpleVolumetricCloud.uasset" 531
"../../../Engine/Content/EngineSky/VolumetricClouds/m_SimpleVolumetricCloud.uexp" 532
"../../../Engine/Content/EngineSky/VolumetricClouds/m_SimpleVolumetricCloud_Inst.uasset" 533
"../../../Engine/Content/EngineSky/VolumetricClouds/m_SimpleVolumetricCloud_Inst.uexp" 534
"../../../Engine/Content/EngineResources/FilmGrains/Marcie_Grain_v3_128_M2_000.uasset" 535
"../../../Engine/Content/EngineResources/FilmGrains/Marcie_Grain_v3_128_M2_000.uexp" 536
"../../../Engine/Content/EngineResources/WhiteSquareTexture.uasset" 537
"../../../Engine/Content/EngineResources/WhiteSquareTexture.uexp" 538
"../../../Engine/Content/EngineMaterials/Widget3DPassThrough.uasset" 539
"../../../Engine/Content/EngineMaterials/Widget3DPassThrough.uexp" 540
"../../../Engine/Content/EngineMaterials/Widget3DPassThrough_Translucent.uasset" 541
"../../../Engine/Content/EngineMaterials/Widget3DPassThrough_Translucent.uexp" 542
"../../../Engine/Content/EngineMaterials/Widget3DPassThrough_Translucent_OneSided.uasset" 543
"../../../Engine/Content/EngineMaterials/Widget3DPassThrough_Translucent_OneSided.uexp" 544
"../../../Engine/Content/EngineMaterials/Widget3DPassThrough_Opaque.uasset" 545
"../../../Engine/Content/EngineMaterials/Widget3DPassThrough_Opaque.uexp" 546
"../../../Engine/Content/EngineMaterials/Widget3DPassThrough_Opaque_OneSided.uasset" 547
"../../../Engine/Content/EngineMaterials/Widget3DPassThrough_Opaque_OneSided.uexp" 548
"../../../Engine/Content/EngineMaterials/Widget3DPassThrough_Masked_OneSided.uasset" 549
"../../../Engine/Content/EngineMaterials/Widget3DPassThrough_Masked_OneSided.uexp" 550
"../../../Engine/Content/EngineMaterials/Widget3DPassThrough_Masked.uasset" 551
"../../../Engine/Content/EngineMaterials/Widget3DPassThrough_Masked.uexp" 552
"../../../Engine/Content/EngineMaterials/WeightMapPlaceholderTexture.uasset" 553
"../../../Engine/Content/EngineMaterials/WeightMapPlaceholderTexture.uexp" 554
"../../../Engine/Content/EngineMaterials/WeightMapArrayPlaceholderTexture.uasset" 555
"../../../Engine/Content/EngineMaterials/WeightMapArrayPlaceholderTexture.uexp" 556
"../../../Engine/Content/EngineMaterials/RemoveSurfaceMaterial.uasset" 557
"../../../Engine/Content/EngineMaterials/RemoveSurfaceMaterial.uexp" 558
"../../../Engine/Content/EngineMaterials/PreintegratedSkinBRDF.uasset" 559
"../../../Engine/Content/EngineMaterials/PreintegratedSkinBRDF.uexp" 560
"../../../Engine/Content/EngineMaterials/DefaultCalibrationGrayscale.uasset" 561
"../../../Engine/Content/EngineMaterials/DefaultCalibrationGrayscale.uexp" 562
"../../../Engine/Content/EngineMaterials/PPM_DefaultCalibrationGrayscale.uasset" 563
"../../../Engine/Content/EngineMaterials/PPM_DefaultCalibrationGrayscale.uexp" 564
"../../../Engine/Content/EngineMaterials/DefaultCalibrationColor.uasset" 565
"../../../Engine/Content/EngineMaterials/DefaultCalibrationColor.uexp" 566
"../../../Engine/Content/EngineMaterials/PPM_DefaultCalibrationColor.uasset" 567
"../../../Engine/Content/EngineMaterials/PPM_DefaultCalibrationColor.uexp" 568
"../../../Engine/Content/EngineMaterials/PhAT_JointLimitMaterial.uasset" 569
"../../../Engine/Content/EngineMaterials/PhAT_JointLimitMaterial.uexp" 570
"../../../Engine/Content/EngineMaterials/NaniteHiddenSectionMaterial.uasset" 571
"../../../Engine/Content/EngineMaterials/NaniteHiddenSectionMaterial.uexp" 572
"../../../Engine/Content/EngineMaterials/InvalidLightmapSettings.ubulk" 573
"../../../Engine/Content/EngineMaterials/InvalidLightmapSettings.uasset" 574
"../../../Engine/Content/EngineMaterials/InvalidLightmapSettings.uexp" 575
"../../../Engine/Content/EngineMaterials/M_InvalidLightmapSettings.uasset" 576
"../../../Engine/Content/EngineMaterials/M_InvalidLightmapSettings.uexp" 577
"../../../Engine/Content/EngineMaterials/MiniFont.uasset" 578
"../../../Engine/Content/EngineMaterials/MiniFont.uexp" 579
"../../../Engine/Content/EngineMaterials/GizmoMaterial.uasset" 580
"../../../Engine/Content/EngineMaterials/GizmoMaterial.uexp" 581
"../../../Engine/Content/EngineMaterials/BaseFlattenEmissiveMap_VT.uasset" 582
"../../../Engine/Content/EngineMaterials/BaseFlattenEmissiveMap_VT.uexp" 583
"../../../Engine/Content/EngineMaterials/BaseFlattenGrayscaleMap_VT.uasset" 584
"../../../Engine/Content/EngineMaterials/BaseFlattenGrayscaleMap_VT.uexp" 585
"../../../Engine/Content/EngineMaterials/BaseFlattenLinearColor_VT.uasset" 586
"../../../Engine/Content/EngineMaterials/BaseFlattenLinearColor_VT.uexp" 587
"../../../Engine/Content/EngineMaterials/Black_1x1_EXR_Texture_VT.uasset" 588
"../../../Engine/Content/EngineMaterials/Black_1x1_EXR_Texture_VT.uexp" 589
"../../../Engine/Content/EngineMaterials/BaseFlattenDiffuseMap_VT.uasset" 590
"../../../Engine/Content/EngineMaterials/BaseFlattenDiffuseMap_VT.uexp" 591
"../../../Engine/Content/EngineMaterials/BaseFlattenNormalMap_VT.uasset" 592
"../../../Engine/Content/EngineMaterials/BaseFlattenNormalMap_VT.uexp" 593
"../../../Engine/Content/EngineMaterials/FlattenMaterial_WS_Normal_VT.uasset" 594
"../../../Engine/Content/EngineMaterials/FlattenMaterial_WS_Normal_VT.uexp" 595
"../../../Engine/Content/EngineMaterials/FlattenMaterial_VT.uasset" 596
"../../../Engine/Content/EngineMaterials/FlattenMaterial_VT.uexp" 597
"../../../Engine/Content/EngineMaterials/BaseFlattenNormalMap.uasset" 598
"../../../Engine/Content/EngineMaterials/BaseFlattenNormalMap.uexp" 599
"../../../Engine/Content/EngineMaterials/BaseFlattenGrayscaleMap.uasset" 600
"../../../Engine/Content/EngineMaterials/BaseFlattenGrayscaleMap.uexp" 601
"../../../Engine/Content/EngineMaterials/BaseFlattenDiffuseMap.uasset" 602
"../../../Engine/Content/EngineMaterials/BaseFlattenDiffuseMap.uexp" 603
"../../../Engine/Content/Functions/Engine_MaterialFunctions02/PivotPainter2/Black_1x1_EXR_Texture.uasset" 604
"../../../Engine/Content/Functions/Engine_MaterialFunctions02/PivotPainter2/Black_1x1_EXR_Texture.uexp" 605
"../../../Engine/Content/EngineMaterials/BaseFlattenEmissiveMap.uasset" 606
"../../../Engine/Content/EngineMaterials/BaseFlattenEmissiveMap.uexp" 607
"../../../Engine/Content/EngineMaterials/BaseFlattenLinearColor.uasset" 608
"../../../Engine/Content/EngineMaterials/BaseFlattenLinearColor.uexp" 609
"../../../Engine/Content/EngineMaterials/FlattenMaterial.uasset" 610
"../../../Engine/Content/EngineMaterials/FlattenMaterial.uexp" 611
"../../../Engine/Content/EngineMaterials/FastBlueNoise_vec2_128x128x64.uasset" 612
"../../../Engine/Content/EngineMaterials/FastBlueNoise_vec2_128x128x64.uexp" 613
"../../../Engine/Content/EngineMaterials/FastBlueNoise_scalar_128x128x64.uasset" 614
"../../../Engine/Content/EngineMaterials/FastBlueNoise_scalar_128x128x64.uexp" 615
"../../../Engine/Content/EngineMaterials/DefaultWhiteGrid_Low.uasset" 616
"../../../Engine/Content/EngineMaterials/DefaultWhiteGrid_Low.uexp" 617
"../../../Engine/Content/EngineMaterials/EmissiveMeshMaterial.uasset" 618
"../../../Engine/Content/EngineMaterials/EmissiveMeshMaterial.uexp" 619
"../../../Engine/Content/EngineMaterials/DefaultWhiteGrid.ubulk" 620
"../../../Engine/Content/EngineMaterials/DefaultWhiteGrid.uasset" 621
"../../../Engine/Content/EngineMaterials/DefaultWhiteGrid.uexp" 622
"../../../Engine/Content/EngineFonts/RobotoDistanceField.uasset" 623
"../../../Engine/Content/EngineFonts/RobotoDistanceField.uexp" 624
"../../../Engine/Content/EngineMaterials/DefaultTextMaterialOpaque.uasset" 625
"../../../Engine/Content/EngineMaterials/DefaultTextMaterialOpaque.uexp" 626
"../../../Engine/Content/EngineMaterials/DefaultDiffuse.ubulk" 627
"../../../Engine/Content/EngineMaterials/DefaultDiffuse.uasset" 628
"../../../Engine/Content/EngineMaterials/DefaultDiffuse.uexp" 629
"../../../Engine/Content/EngineMaterials/DefaultPostProcessMaterial.uasset" 630
"../../../Engine/Content/EngineMaterials/DefaultPostProcessMaterial.uexp" 631
"../../../Engine/Content/EngineMaterials/DefaultLightFunctionMaterial.uasset" 632
"../../../Engine/Content/EngineMaterials/DefaultLightFunctionMaterial.uexp" 633
"../../../Engine/Content/EngineMaterials/DefaultDeferredDecalMaterial.uasset" 634
"../../../Engine/Content/EngineMaterials/DefaultDeferredDecalMaterial.uexp" 635
"../../../Engine/Content/EngineMaterials/DefaultBokeh.uasset" 636
"../../../Engine/Content/EngineMaterials/DefaultBokeh.uexp" 637
"../../../Engine/Content/EngineMaterials/DefaultBloomKernel.uasset" 638
"../../../Engine/Content/EngineMaterials/DefaultBloomKernel.uexp" 639
"../../../Engine/Content/EngineMaterials/LTC/Sheen_LTC.uasset" 640
"../../../Engine/Content/EngineMaterials/LTC/Sheen_LTC.uexp" 641
"../../../Engine/Content/EngineMaterials/LTC/GGX_LTCMat.uasset" 642
"../../../Engine/Content/EngineMaterials/LTC/GGX_LTCMat.uexp" 643
"../../../Engine/Content/EngineMaterials/LTC/GGX_LTCAmp.uasset" 644
"../../../Engine/Content/EngineMaterials/LTC/GGX_LTCAmp.uexp" 645
"../../../Engine/Content/EngineMaterials/EnergyConservation/Sheen_Energy.uasset" 646
"../../../Engine/Content/EngineMaterials/EnergyConservation/Sheen_Energy.uexp" 647
"../../../Engine/Content/EngineMaterials/EnergyConservation/SheenLegacy_Energy.uasset" 648
"../../../Engine/Content/EngineMaterials/EnergyConservation/SheenLegacy_Energy.uexp" 649
"../../../Engine/Content/EngineMaterials/EnergyConservation/GGX_TransmissionEnergyArray.uasset" 650
"../../../Engine/Content/EngineMaterials/EnergyConservation/GGX_TransmissionEnergyArray.uexp" 651
"../../../Engine/Content/EngineMaterials/EnergyConservation/GGX_ReflectionEnergy.uasset" 652
"../../../Engine/Content/EngineMaterials/EnergyConservation/GGX_ReflectionEnergy.uexp" 653
"../../../Engine/Content/EngineMaterials/EnergyConservation/Diffuse_Energy.uasset" 654
"../../../Engine/Content/EngineMaterials/EnergyConservation/Diffuse_Energy.uexp" 655
"../../../Engine/Content/Functions/Engine_MaterialFunctions02/Utility/CameraDirectionVector.uasset" 656
"../../../Engine/Content/Functions/Engine_MaterialFunctions02/Utility/CameraDirectionVector.uexp" 657
"../../../Engine/Content/EngineDebugMaterials/VolumeToRender.uasset" 658
"../../../Engine/Content/EngineDebugMaterials/VolumeToRender.uexp" 659
"../../../Engine/Content/EngineDebugMaterials/M_VolumeRenderSphereTracePP.uasset" 660
"../../../Engine/Content/EngineDebugMaterials/M_VolumeRenderSphereTracePP.uexp" 661
"../../../Engine/Content/EngineDebugMaterials/M_SimpleUnlitTranslucent.uasset" 662
"../../../Engine/Content/EngineDebugMaterials/M_SimpleUnlitTranslucent.uexp" 663
"../../../Engine/Content/EngineDebugMaterials/DebugMeshMaterial.uasset" 664
"../../../Engine/Content/EngineDebugMaterials/DebugMeshMaterial.uexp" 665
"../../../Engine/Content/EngineDebugMaterials/DebugEditorMaterial.uasset" 666
"../../../Engine/Content/EngineDebugMaterials/DebugEditorMaterial.uexp" 667
"../../../Engine/Content/EngineDamageTypes/DmgTypeBP_Environmental.uasset" 668
"../../../Engine/Content/EngineDamageTypes/DmgTypeBP_Environmental.uexp" 669
"../../../Engine/Content/EditorResources/S_Terrain.ubulk" 670
"../../../Engine/Content/EditorResources/S_Terrain.uasset" 671
"../../../Engine/Content/EditorResources/S_Terrain.uexp" 672
"../../../Engine/Content/EditorResources/S_Solver.ubulk" 673
"../../../Engine/Content/EditorResources/S_Solver.uasset" 674
"../../../Engine/Content/EditorResources/S_Solver.uexp" 675
"../../../Engine/Content/EditorResources/EmptyActor.uasset" 676
"../../../Engine/Content/EditorResources/EmptyActor.uexp" 677
"../../../Engine/Content/EditorResources/BSPVertex.uasset" 678
"../../../Engine/Content/EditorResources/BSPVertex.uexp" 679
"../../../Engine/Content/EditorResources/SequenceRecorder/RecordingIndicator.uasset" 680
"../../../Engine/Content/EditorResources/SequenceRecorder/RecordingIndicator.uexp" 681
"../../../Engine/Content/EditorResources/SequenceRecorder/Countdown.uasset" 682
"../../../Engine/Content/EditorResources/SequenceRecorder/Countdown.uexp" 683
"../../../Engine/Content/EditorMaterials/Camera/CineMat.uasset" 684
"../../../Engine/Content/EditorMaterials/Camera/CineMat.uexp" 685
"../../../Engine/Content/EditorMaterials/Camera/MI_CineMat_Rig.uasset" 686
"../../../Engine/Content/EditorMaterials/Camera/MI_CineMat_Rig.uexp" 687
"../../../Engine/Content/EditorMeshes/Camera/SM_RailRig_Track.ubulk" 688
"../../../Engine/Content/EditorMeshes/Camera/SM_RailRig_Track.uasset" 689
"../../../Engine/Content/EditorMeshes/Camera/SM_RailRig_Track.uexp" 690
"../../../Engine/Content/EditorMeshes/Camera/SM_RailRig_Mount.ubulk" 691
"../../../Engine/Content/EditorMeshes/Camera/SM_RailRig_Mount.uasset" 692
"../../../Engine/Content/EditorMeshes/Camera/SM_RailRig_Mount.uexp" 693
"../../../Engine/Content/EditorMeshes/Camera/SM_CraneRig_Mount.ubulk" 694
"../../../Engine/Content/EditorMeshes/Camera/SM_CraneRig_Mount.uasset" 695
"../../../Engine/Content/EditorMeshes/Camera/SM_CraneRig_Mount.uexp" 696
"../../../Engine/Content/EditorMeshes/Camera/SM_CraneRig_Body.ubulk" 697
"../../../Engine/Content/EditorMeshes/Camera/SM_CraneRig_Body.uasset" 698
"../../../Engine/Content/EditorMeshes/Camera/SM_CraneRig_Body.uexp" 699
"../../../Engine/Content/EditorMeshes/Camera/SM_CraneRig_Base.ubulk" 700
"../../../Engine/Content/EditorMeshes/Camera/SM_CraneRig_Base.uasset" 701
"../../../Engine/Content/EditorMeshes/Camera/SM_CraneRig_Base.uexp" 702
"../../../Engine/Content/EditorMeshes/Camera/SM_CraneRig_Arm.ubulk" 703
"../../../Engine/Content/EditorMeshes/Camera/SM_CraneRig_Arm.uasset" 704
"../../../Engine/Content/EditorMeshes/Camera/SM_CraneRig_Arm.uexp" 705
"../../../Engine/Content/EditorMaterials/PreviewShadowIndicator.ubulk" 706
"../../../Engine/Content/EditorMaterials/PreviewShadowIndicator.uasset" 707
"../../../Engine/Content/EditorMaterials/PreviewShadowIndicator.uexp" 708
"../../../Engine/Content/EditorMaterials/PreviewShadowIndicatorMaterial.uasset" 709
"../../../Engine/Content/EditorMaterials/PreviewShadowIndicatorMaterial.uexp" 710
"../../../Engine/Content/EditorMaterials/PhAT_UnselectedMaterial.uasset" 711
"../../../Engine/Content/EditorMaterials/PhAT_UnselectedMaterial.uexp" 712
"../../../Engine/Content/EditorMaterials/PhAT_NoCollisionMaterial.uasset" 713
"../../../Engine/Content/EditorMaterials/PhAT_NoCollisionMaterial.uexp" 714
"../../../Engine/Content/EditorMaterials/ParticleSystems/PSysThumbnail_OOD.ubulk" 715
"../../../Engine/Content/EditorMaterials/ParticleSystems/PSysThumbnail_OOD.uasset" 716
"../../../Engine/Content/EditorMaterials/ParticleSystems/PSysThumbnail_OOD.uexp" 717
"../../../Engine/Content/EditorMaterials/ParticleSystems/PSysThumbnail_NoImage.ubulk" 718
"../../../Engine/Content/EditorMaterials/ParticleSystems/PSysThumbnail_NoImage.uasset" 719
"../../../Engine/Content/EditorMaterials/ParticleSystems/PSysThumbnail_NoImage.uexp" 720
"../../../Engine/Content/EditorMaterials/Dataflow/DataflowVertexMaterial.uasset" 721
"../../../Engine/Content/EditorMaterials/Dataflow/DataflowVertexMaterial.uexp" 722
"../../../Engine/Content/EditorMaterials/Dataflow/DataflowTwoSidedVertexMaterial.uasset" 723
"../../../Engine/Content/EditorMaterials/Dataflow/DataflowTwoSidedVertexMaterial.uexp" 724
"../../../Engine/Content/EditorLandscapeResources/SplineEditorMeshMat.uasset" 725
"../../../Engine/Content/EditorLandscapeResources/SplineEditorMeshMat.uexp" 726
"../../../Engine/Content/EditorLandscapeResources/SplineEditorMesh.ubulk" 727
"../../../Engine/Content/EditorLandscapeResources/SplineEditorMesh.uasset" 728
"../../../Engine/Content/EditorLandscapeResources/SplineEditorMesh.uexp" 729
"../../../Engine/Content/EditorLandscapeResources/DefaultAlphaTexture.uasset" 730
"../../../Engine/Content/EditorLandscapeResources/DefaultAlphaTexture.uexp" 731
"../../../Engine/Content/EngineMaterials/DefaultMaterial.uasset" 732
"../../../Engine/Content/EngineMaterials/DefaultMaterial.uexp" 733
"../../../Engine/Content/BasicShapes/Sphere.ubulk" 734
"../../../Engine/Content/BasicShapes/Sphere.uasset" 735
"../../../Engine/Content/BasicShapes/Sphere.uexp" 736
"../../../Engine/Content/BasicShapes/Plane.ubulk" 737
"../../../Engine/Content/BasicShapes/Plane.uasset" 738
"../../../Engine/Content/BasicShapes/Plane.uexp" 739
"../../../Engine/Content/BasicShapes/Cylinder.ubulk" 740
"../../../Engine/Content/BasicShapes/Cylinder.uasset" 741
"../../../Engine/Content/BasicShapes/Cylinder.uexp" 742
"C:/Users/plant/Documents/Unreal Projects/TestSubject/Proyect/Content/StarterContent/Materials/M_Basic_Wall.uasset" 743
"C:/Users/plant/Documents/Unreal Projects/TestSubject/Proyect/Content/StarterContent/Materials/M_Basic_Wall.uexp" 744
"C:/Users/plant/Documents/Unreal Projects/TestSubject/Proyect/Content/StarterContent/Shapes/Shape_Cube.ubulk" 745
"C:/Users/plant/Documents/Unreal Projects/TestSubject/Proyect/Content/StarterContent/Shapes/Shape_Cube.uasset" 746
"C:/Users/plant/Documents/Unreal Projects/TestSubject/Proyect/Content/StarterContent/Shapes/Shape_Cube.uexp" 747
"C:/Users/plant/Documents/Unreal Projects/TestSubject/Proyect/Content/SciFI_Lite_Assets/Textures/T_DirtGrungeMask_01.ubulk" 748
"C:/Users/plant/Documents/Unreal Projects/TestSubject/Proyect/Content/SciFI_Lite_Assets/Textures/T_DirtGrungeMask_01.uasset" 749
"C:/Users/plant/Documents/Unreal Projects/TestSubject/Proyect/Content/SciFI_Lite_Assets/Textures/T_DirtGrungeMask_01.uexp" 750
"../../../Engine/Content/Functions/Engine_MaterialFunctions01/Texturing/FlattenNormal.uasset" 751
"../../../Engine/Content/Functions/Engine_MaterialFunctions01/Texturing/FlattenNormal.uexp" 752
"C:/Users/plant/Documents/Unreal Projects/TestSubject/Proyect/Content/SciFI_Lite_Assets/Textures/T_CleanWhiteMetal_Color_01.ubulk" 753
"C:/Users/plant/Documents/Unreal Projects/TestSubject/Proyect/Content/SciFI_Lite_Assets/Textures/T_CleanWhiteMetal_Color_01.uasset" 754
"C:/Users/plant/Documents/Unreal Projects/TestSubject/Proyect/Content/SciFI_Lite_Assets/Textures/T_CleanWhiteMetal_Color_01.uexp" 755
"C:/Users/plant/Documents/Unreal Projects/TestSubject/Proyect/Content/SciFI_Lite_Assets/Textures/T_DefaultMaterial_Normal_01.ubulk" 756
"C:/Users/plant/Documents/Unreal Projects/TestSubject/Proyect/Content/SciFI_Lite_Assets/Textures/T_DefaultMaterial_Normal_01.uasset" 757
"C:/Users/plant/Documents/Unreal Projects/TestSubject/Proyect/Content/SciFI_Lite_Assets/Textures/T_DefaultMaterial_Normal_01.uexp" 758
"../../../Engine/Content/Functions/Engine_MaterialFunctions02/Math/Transform3x3Matrix.uasset" 759
"../../../Engine/Content/Functions/Engine_MaterialFunctions02/Math/Transform3x3Matrix.uexp" 760
"C:/Users/plant/Documents/Unreal Projects/TestSubject/Proyect/Content/SciFI_Lite_Assets/Materials/MaterialFunctions/MF_TriplanarMapping.uasset" 761
"C:/Users/plant/Documents/Unreal Projects/TestSubject/Proyect/Content/SciFI_Lite_Assets/Materials/MaterialFunctions/MF_TriplanarMapping.uexp" 762
"C:/Users/plant/Documents/Unreal Projects/TestSubject/Proyect/Content/SciFI_Lite_Assets/Textures/T_DefaultMaterial_Roughness_01.ubulk" 763
"C:/Users/plant/Documents/Unreal Projects/TestSubject/Proyect/Content/SciFI_Lite_Assets/Textures/T_DefaultMaterial_Roughness_01.uasset" 764
"C:/Users/plant/Documents/Unreal Projects/TestSubject/Proyect/Content/SciFI_Lite_Assets/Textures/T_DefaultMaterial_Roughness_01.uexp" 765
"C:/Users/plant/Documents/Unreal Projects/TestSubject/Proyect/Content/SciFI_Lite_Assets/Materials/MasterMaterials/MM_TriplanarMapping.uasset" 766
"C:/Users/plant/Documents/Unreal Projects/TestSubject/Proyect/Content/SciFI_Lite_Assets/Materials/MasterMaterials/MM_TriplanarMapping.uexp" 767
"C:/Users/plant/Documents/Unreal Projects/TestSubject/Proyect/Content/SciFI_Lite_Assets/Textures/T_DefaultMaterial_Base_01.ubulk" 768
"C:/Users/plant/Documents/Unreal Projects/TestSubject/Proyect/Content/SciFI_Lite_Assets/Textures/T_DefaultMaterial_Base_01.uasset" 769
"C:/Users/plant/Documents/Unreal Projects/TestSubject/Proyect/Content/SciFI_Lite_Assets/Textures/T_DefaultMaterial_Base_01.uexp" 770
"C:/Users/plant/Documents/Unreal Projects/TestSubject/Proyect/Content/SciFI_Lite_Assets/Materials/MaterialInstances/CleanMaterials/MI_BlackMetal_01.uasset" 771
"C:/Users/plant/Documents/Unreal Projects/TestSubject/Proyect/Content/SciFI_Lite_Assets/Materials/MaterialInstances/CleanMaterials/MI_BlackMetal_01.uexp" 772
"../../../Engine/Content/BasicShapes/Cube.ubulk" 773
"../../../Engine/Content/BasicShapes/Cube.uasset" 774
"../../../Engine/Content/BasicShapes/Cube.uexp" 775
"../../../Engine/Content/BasicShapes/Cone.ubulk" 776
"../../../Engine/Content/BasicShapes/Cone.uasset" 777
"../../../Engine/Content/BasicShapes/Cone.uexp" 778
"../../../Engine/Content/BasicShapes/BasicShapeMaterial.uasset" 779
"../../../Engine/Content/BasicShapes/BasicShapeMaterial.uexp" 780
"../../../Engine/Content/EngineResources/Black.uasset" 781
"../../../Engine/Content/EngineResources/Black.uexp" 782
"../../../Engine/Plugins/Runtime/OpenXR/Content/Devices/M_XRController.uasset" 783
"../../../Engine/Plugins/Runtime/OpenXR/Content/Devices/M_XRController.uexp" 784
"../../../Engine/Plugins/Runtime/OpenXR/Content/Devices/OculusGo/BaseTexture.ubulk" 785
"../../../Engine/Plugins/Runtime/OpenXR/Content/Devices/OculusGo/BaseTexture.uasset" 786
"../../../Engine/Plugins/Runtime/OpenXR/Content/Devices/OculusGo/BaseTexture.uexp" 787
"../../../Engine/Plugins/Runtime/OpenXR/Content/Devices/OculusGo/MI_OculusGo.uasset" 788
"../../../Engine/Plugins/Runtime/OpenXR/Content/Devices/OculusGo/MI_OculusGo.uexp" 789
"../../../Engine/Plugins/Runtime/OpenXR/Content/Devices/OculusGo/OculusGoController.ubulk" 790
"../../../Engine/Plugins/Runtime/OpenXR/Content/Devices/OculusGo/OculusGoController.uasset" 791
"../../../Engine/Plugins/Runtime/OpenXR/Content/Devices/OculusGo/OculusGoController.uexp" 792
"../../../Engine/Plugins/Runtime/OpenXR/Content/Devices/HTCVive/BaseTexture.ubulk" 793
"../../../Engine/Plugins/Runtime/OpenXR/Content/Devices/HTCVive/BaseTexture.uasset" 794
"../../../Engine/Plugins/Runtime/OpenXR/Content/Devices/HTCVive/BaseTexture.uexp" 795
"../../../Engine/Plugins/Runtime/OpenXR/Content/Devices/HTCVive/MI_HTCVive.uasset" 796
"../../../Engine/Plugins/Runtime/OpenXR/Content/Devices/HTCVive/MI_HTCVive.uexp" 797
"../../../Engine/Plugins/Runtime/OpenXR/Content/Devices/HTCVive/HTCViveController.ubulk" 798
"../../../Engine/Plugins/Runtime/OpenXR/Content/Devices/HTCVive/HTCViveController.uasset" 799
"../../../Engine/Plugins/Runtime/OpenXR/Content/Devices/HTCVive/HTCViveController.uexp" 800
"../../../Engine/Plugins/Interchange/Assets/Content/gltf/Textures/T_White_srgb.uasset" 801
"../../../Engine/Plugins/Interchange/Assets/Content/gltf/Textures/T_White_srgb.uexp" 802
"../../../Engine/Plugins/Interchange/Assets/Content/gltf/MaterialFunctions/MF_BaseColor.uasset" 803
"../../../Engine/Plugins/Interchange/Assets/Content/gltf/MaterialFunctions/MF_BaseColor.uexp" 804
"../../../Engine/Plugins/Interchange/Assets/Content/gltf/MaterialFunctions/MF_RotateV2.uasset" 805
"../../../Engine/Plugins/Interchange/Assets/Content/gltf/MaterialFunctions/MF_RotateV2.uexp" 806
"../../../Engine/Plugins/Interchange/Assets/Content/gltf/MaterialFunctions/MF_TransformUVs.uasset" 807
"../../../Engine/Plugins/Interchange/Assets/Content/gltf/MaterialFunctions/MF_TransformUVs.uexp" 808
"../../../Engine/Plugins/Interchange/Assets/Content/gltf/MaterialBodies/MF_Unlit_Body.uasset" 809
"../../../Engine/Plugins/Interchange/Assets/Content/gltf/MaterialBodies/MF_Unlit_Body.uexp" 810
"../../../Engine/Plugins/Interchange/Assets/Content/gltf/M_Unlit.uasset" 811
"../../../Engine/Plugins/Interchange/Assets/Content/gltf/M_Unlit.uexp" 812
"../../../Engine/Plugins/Interchange/Assets/Content/gltf/MaterialInstances/MI_Unlit_Opaque_DS.uasset" 813
"../../../Engine/Plugins/Interchange/Assets/Content/gltf/MaterialInstances/MI_Unlit_Opaque_DS.uexp" 814
"../../../Engine/Plugins/Interchange/Assets/Content/gltf/MaterialInstances/MI_Unlit_Opaque.uasset" 815
"../../../Engine/Plugins/Interchange/Assets/Content/gltf/MaterialInstances/MI_Unlit_Opaque.uexp" 816
"../../../Engine/Plugins/Interchange/Assets/Content/gltf/MaterialInstances/MI_Unlit_Mask_DS.uasset" 817
"../../../Engine/Plugins/Interchange/Assets/Content/gltf/MaterialInstances/MI_Unlit_Mask_DS.uexp" 818
"../../../Engine/Plugins/Interchange/Assets/Content/gltf/MaterialInstances/MI_Unlit_Mask.uasset" 819
"../../../Engine/Plugins/Interchange/Assets/Content/gltf/MaterialInstances/MI_Unlit_Mask.uexp" 820
"../../../Engine/Plugins/Interchange/Assets/Content/gltf/MaterialInstances/MI_Unlit_Blend_DS.uasset" 821
"../../../Engine/Plugins/Interchange/Assets/Content/gltf/MaterialInstances/MI_Unlit_Blend_DS.uexp" 822
"../../../Engine/Plugins/Interchange/Assets/Content/gltf/MaterialInstances/MI_Unlit_Blend.uasset" 823
"../../../Engine/Plugins/Interchange/Assets/Content/gltf/MaterialInstances/MI_Unlit_Blend.uexp" 824
"../../../Engine/Content/EngineMaterials/Good64x64TilingNoiseHighFreq.uasset" 825
"../../../Engine/Content/EngineMaterials/Good64x64TilingNoiseHighFreq.uexp" 826
"../../../Engine/Content/Functions/Engine_MaterialFunctions02/Texturing/ScreenAlignedPixelToPixelUVs.uasset" 827
"../../../Engine/Content/Functions/Engine_MaterialFunctions02/Texturing/ScreenAlignedPixelToPixelUVs.uexp" 828
"../../../Engine/Plugins/Interchange/Assets/Content/gltf/MaterialFunctions/MF_Temporal_Blur.uasset" 829
"../../../Engine/Plugins/Interchange/Assets/Content/gltf/MaterialFunctions/MF_Temporal_Blur.uexp" 830
"../../../Engine/Plugins/Interchange/Assets/Content/gltf/MaterialFunctions/MF_Specular.uasset" 831
"../../../Engine/Plugins/Interchange/Assets/Content/gltf/MaterialFunctions/MF_Specular.uexp" 832
"../../../Engine/Plugins/Interchange/Assets/Content/gltf/Textures/T_Anisotropy_Direction_Linear.uasset" 833
"../../../Engine/Plugins/Interchange/Assets/Content/gltf/Textures/T_Anisotropy_Direction_Linear.uexp" 834
"../../../Engine/Plugins/Interchange/Assets/Content/gltf/MaterialFunctions/MF_SpecularAnisotropy.uasset" 835
"../../../Engine/Plugins/Interchange/Assets/Content/gltf/MaterialFunctions/MF_SpecularAnisotropy.uexp" 836
"../../../Engine/Plugins/Interchange/Assets/Content/gltf/Textures/T_White_Linear.uasset" 837
"../../../Engine/Plugins/Interchange/Assets/Content/gltf/Textures/T_White_Linear.uexp" 838
"../../../Engine/Plugins/Interchange/Assets/Content/gltf/MaterialFunctions/MF_MetallicRoughness.uasset" 839
"../../../Engine/Plugins/Interchange/Assets/Content/gltf/MaterialFunctions/MF_MetallicRoughness.uexp" 840
"../../../Engine/Plugins/Interchange/Assets/Content/gltf/Textures/T_Generic_N.uasset" 841
"../../../Engine/Plugins/Interchange/Assets/Content/gltf/Textures/T_Generic_N.uexp" 842
"../../../Engine/Plugins/Interchange/Assets/Content/gltf/MaterialFunctions/MF_ScaleNormal.uasset" 843
"../../../Engine/Plugins/Interchange/Assets/Content/gltf/MaterialFunctions/MF_ScaleNormal.uexp" 844
"../../../Engine/Plugins/Interchange/Assets/Content/gltf/MaterialFunctions/MF_Fresnel_DS.uasset" 845
"../../../Engine/Plugins/Interchange/Assets/Content/gltf/MaterialFunctions/MF_Fresnel_DS.uexp" 846
"../../../Engine/Plugins/Interchange/Assets/Content/gltf/MaterialFunctions/MF_Iridescence.uasset" 847
"../../../Engine/Plugins/Interchange/Assets/Content/gltf/MaterialFunctions/MF_Iridescence.uexp" 848
"../../../Engine/Plugins/Interchange/Assets/Content/gltf/MaterialFunctions/MF_Occlusion.uasset" 849
"../../../Engine/Plugins/Interchange/Assets/Content/gltf/MaterialFunctions/MF_Occlusion.uexp" 850
"../../../Engine/Plugins/Interchange/Assets/Content/gltf/MaterialFunctions/MF_IOR.uasset" 851
"../../../Engine/Plugins/Interchange/Assets/Content/gltf/MaterialFunctions/MF_IOR.uexp" 852
"../../../Engine/Plugins/Interchange/Assets/Content/gltf/MaterialFunctions/MF_Transmission.uasset" 853
"../../../Engine/Plugins/Interchange/Assets/Content/gltf/MaterialFunctions/MF_Transmission.uexp" 854
"../../../Engine/Plugins/Interchange/Assets/Content/gltf/MaterialFunctions/MF_RotateNormals_TS.uasset" 855
"../../../Engine/Plugins/Interchange/Assets/Content/gltf/MaterialFunctions/MF_RotateNormals_TS.uexp" 856
"../../../Engine/Plugins/Interchange/Assets/Content/gltf/MaterialFunctions/MF_Normals.uasset" 857
"../../../Engine/Plugins/Interchange/Assets/Content/gltf/MaterialFunctions/MF_Normals.uexp" 858
"../../../Engine/Plugins/Interchange/Assets/Content/gltf/MaterialBodies/MF_Transmission_Body.uasset" 859
"../../../Engine/Plugins/Interchange/Assets/Content/gltf/MaterialBodies/MF_Transmission_Body.uexp" 860
"../../../Engine/Plugins/Interchange/Assets/Content/gltf/M_Transmission.uasset" 861
"../../../Engine/Plugins/Interchange/Assets/Content/gltf/M_Transmission.uexp" 862
"../../../Engine/Plugins/Interchange/Assets/Content/gltf/MaterialInstances/MI_Transmission_DS.uasset" 863
"../../../Engine/Plugins/Interchange/Assets/Content/gltf/MaterialInstances/MI_Transmission_DS.uexp" 864
"../../../Engine/Plugins/Interchange/Assets/Content/gltf/MaterialInstances/MI_Transmission.uasset" 865
"../../../Engine/Plugins/Interchange/Assets/Content/gltf/MaterialInstances/MI_Transmission.uexp" 866
"../../../Engine/Content/Functions/Engine_MaterialFunctions02/Math/AddComponents.uasset" 867
"../../../Engine/Content/Functions/Engine_MaterialFunctions02/Math/AddComponents.uexp" 868
"../../../Engine/Plugins/Interchange/Assets/Content/gltf/MaterialFunctions/MF_DiffuseSpecGloss.uasset" 869
"../../../Engine/Plugins/Interchange/Assets/Content/gltf/MaterialFunctions/MF_DiffuseSpecGloss.uexp" 870
"../../../Engine/Plugins/Interchange/Assets/Content/gltf/MaterialFunctions/MF_Emissive.uasset" 871
"../../../Engine/Plugins/Interchange/Assets/Content/gltf/MaterialFunctions/MF_Emissive.uexp" 872
"../../../Engine/Plugins/Interchange/Assets/Content/gltf/MaterialFunctions/MF_PerceivedBrightness.uasset" 873
"../../../Engine/Plugins/Interchange/Assets/Content/gltf/MaterialFunctions/MF_PerceivedBrightness.uexp" 874
"../../../Engine/Plugins/Interchange/Assets/Content/gltf/MaterialFunctions/MF_SpecGlossToMetalRoughness.uasset" 875
"../../../Engine/Plugins/Interchange/Assets/Content/gltf/MaterialFunctions/MF_SpecGlossToMetalRoughness.uexp" 876
"../../../Engine/Plugins/Interchange/Assets/Content/gltf/MaterialFunctions/MF_MaxComponentValue.uasset" 877
"../../../Engine/Plugins/Interchange/Assets/Content/gltf/MaterialFunctions/MF_MaxComponentValue.uexp" 878
"../../../Engine/Plugins/Interchange/Assets/Content/gltf/MaterialBodies/MF_SpecularGlossiness_Body.uasset" 879
"../../../Engine/Plugins/Interchange/Assets/Content/gltf/MaterialBodies/MF_SpecularGlossiness_Body.uexp" 880
"../../../Engine/Plugins/Interchange/Assets/Content/gltf/M_SpecularGlossiness.uasset" 881
"../../../Engine/Plugins/Interchange/Assets/Content/gltf/M_SpecularGlossiness.uexp" 882
"../../../Engine/Plugins/Interchange/Assets/Content/gltf/MaterialInstances/MI_SpecularGlossiness_Opaque_DS.uasset" 883
"../../../Engine/Plugins/Interchange/Assets/Content/gltf/MaterialInstances/MI_SpecularGlossiness_Opaque_DS.uexp" 884
"../../../Engine/Plugins/Interchange/Assets/Content/gltf/MaterialInstances/MI_SpecularGlossiness_Opaque.uasset" 885
"../../../Engine/Plugins/Interchange/Assets/Content/gltf/MaterialInstances/MI_SpecularGlossiness_Opaque.uexp" 886
"../../../Engine/Plugins/Interchange/Assets/Content/gltf/MaterialInstances/MI_SpecularGlossiness_Mask_DS.uasset" 887
"../../../Engine/Plugins/Interchange/Assets/Content/gltf/MaterialInstances/MI_SpecularGlossiness_Mask_DS.uexp" 888
"../../../Engine/Plugins/Interchange/Assets/Content/gltf/MaterialInstances/MI_SpecularGlossiness_Mask.uasset" 889
"../../../Engine/Plugins/Interchange/Assets/Content/gltf/MaterialInstances/MI_SpecularGlossiness_Mask.uexp" 890
"../../../Engine/Plugins/Interchange/Assets/Content/gltf/MaterialInstances/MI_SpecularGlossiness_Blend_DS.uasset" 891
"../../../Engine/Plugins/Interchange/Assets/Content/gltf/MaterialInstances/MI_SpecularGlossiness_Blend_DS.uexp" 892
"../../../Engine/Plugins/Interchange/Assets/Content/gltf/MaterialInstances/MI_SpecularGlossiness_Blend.uasset" 893
"../../../Engine/Plugins/Interchange/Assets/Content/gltf/MaterialInstances/MI_SpecularGlossiness_Blend.uexp" 894
"../../../Engine/Plugins/Interchange/Assets/Content/gltf/MaterialFunctions/MF_Sheen.uasset" 895
"../../../Engine/Plugins/Interchange/Assets/Content/gltf/MaterialFunctions/MF_Sheen.uexp" 896
"../../../Engine/Plugins/Interchange/Assets/Content/gltf/MaterialBodies/MF_Sheen_Body.uasset" 897
"../../../Engine/Plugins/Interchange/Assets/Content/gltf/MaterialBodies/MF_Sheen_Body.uexp" 898
"../../../Engine/Plugins/Interchange/Assets/Content/gltf/M_Sheen.uasset" 899
"../../../Engine/Plugins/Interchange/Assets/Content/gltf/M_Sheen.uexp" 900
"../../../Engine/Plugins/Interchange/Assets/Content/gltf/MaterialInstances/MI_Sheen_Opaque_DS.uasset" 901
"../../../Engine/Plugins/Interchange/Assets/Content/gltf/MaterialInstances/MI_Sheen_Opaque_DS.uexp" 902
"../../../Engine/Plugins/Interchange/Assets/Content/gltf/MaterialInstances/MI_Sheen_Opaque.uasset" 903
"../../../Engine/Plugins/Interchange/Assets/Content/gltf/MaterialInstances/MI_Sheen_Opaque.uexp" 904
"../../../Engine/Plugins/Interchange/Assets/Content/gltf/MaterialInstances/MI_Sheen_Mask_DS.uasset" 905
"../../../Engine/Plugins/Interchange/Assets/Content/gltf/MaterialInstances/MI_Sheen_Mask_DS.uexp" 906
"../../../Engine/Plugins/Interchange/Assets/Content/gltf/MaterialInstances/MI_Sheen_Mask.uasset" 907
"../../../Engine/Plugins/Interchange/Assets/Content/gltf/MaterialInstances/MI_Sheen_Mask.uexp" 908
"../../../Engine/Plugins/Interchange/Assets/Content/gltf/MaterialInstances/MI_Sheen_Blend_DS.uasset" 909
"../../../Engine/Plugins/Interchange/Assets/Content/gltf/MaterialInstances/MI_Sheen_Blend_DS.uexp" 910
"../../../Engine/Plugins/Interchange/Assets/Content/gltf/MaterialInstances/MI_Sheen_Blend.uasset" 911
"../../../Engine/Plugins/Interchange/Assets/Content/gltf/MaterialInstances/MI_Sheen_Blend.uexp" 912
"../../../Engine/Plugins/Interchange/Assets/Content/gltf/MaterialBodies/MF_Default_Body.uasset" 913
"../../../Engine/Plugins/Interchange/Assets/Content/gltf/MaterialBodies/MF_Default_Body.uexp" 914
"../../../Engine/Plugins/Interchange/Assets/Content/gltf/M_Default.uasset" 915
"../../../Engine/Plugins/Interchange/Assets/Content/gltf/M_Default.uexp" 916
"../../../Engine/Plugins/Interchange/Assets/Content/gltf/MaterialInstances/MI_Default_Opaque_DS.uasset" 917
"../../../Engine/Plugins/Interchange/Assets/Content/gltf/MaterialInstances/MI_Default_Opaque_DS.uexp" 918
"../../../Engine/Plugins/Interchange/Assets/Content/gltf/MaterialInstances/MI_Default_Opaque.uasset" 919
"../../../Engine/Plugins/Interchange/Assets/Content/gltf/MaterialInstances/MI_Default_Opaque.uexp" 920
"../../../Engine/Plugins/Interchange/Assets/Content/gltf/MaterialInstances/MI_Default_Mask_DS.uasset" 921
"../../../Engine/Plugins/Interchange/Assets/Content/gltf/MaterialInstances/MI_Default_Mask_DS.uexp" 922
"../../../Engine/Plugins/Interchange/Assets/Content/gltf/MaterialInstances/MI_Default_Mask.uasset" 923
"../../../Engine/Plugins/Interchange/Assets/Content/gltf/MaterialInstances/MI_Default_Mask.uexp" 924
"../../../Engine/Plugins/Interchange/Assets/Content/gltf/MaterialInstances/MI_Default_Blend_DS.uasset" 925
"../../../Engine/Plugins/Interchange/Assets/Content/gltf/MaterialInstances/MI_Default_Blend_DS.uexp" 926
"../../../Engine/Plugins/Interchange/Assets/Content/gltf/MaterialInstances/MI_Default_Blend.uasset" 927
"../../../Engine/Plugins/Interchange/Assets/Content/gltf/MaterialInstances/MI_Default_Blend.uexp" 928
"../../../Engine/Plugins/Interchange/Assets/Content/gltf/MaterialFunctions/MF_Clearcoat.uasset" 929
"../../../Engine/Plugins/Interchange/Assets/Content/gltf/MaterialFunctions/MF_Clearcoat.uexp" 930
"../../../Engine/Plugins/Interchange/Assets/Content/gltf/MaterialBodies/MF_ClearCoat_Body.uasset" 931
"../../../Engine/Plugins/Interchange/Assets/Content/gltf/MaterialBodies/MF_ClearCoat_Body.uexp" 932
"../../../Engine/Plugins/Interchange/Assets/Content/gltf/M_ClearCoat.uasset" 933
"../../../Engine/Plugins/Interchange/Assets/Content/gltf/M_ClearCoat.uexp" 934
"../../../Engine/Plugins/Interchange/Assets/Content/gltf/MaterialInstances/MI_ClearCoat_Opaque_DS.uasset" 935
"../../../Engine/Plugins/Interchange/Assets/Content/gltf/MaterialInstances/MI_ClearCoat_Opaque_DS.uexp" 936
"../../../Engine/Plugins/Interchange/Assets/Content/gltf/MaterialInstances/MI_ClearCoat_Opaque.uasset" 937
"../../../Engine/Plugins/Interchange/Assets/Content/gltf/MaterialInstances/MI_ClearCoat_Opaque.uexp" 938
"../../../Engine/Plugins/Interchange/Assets/Content/gltf/MaterialInstances/MI_ClearCoat_Mask_DS.uasset" 939
"../../../Engine/Plugins/Interchange/Assets/Content/gltf/MaterialInstances/MI_ClearCoat_Mask_DS.uexp" 940
"../../../Engine/Plugins/Interchange/Assets/Content/gltf/MaterialInstances/MI_ClearCoat_Mask.uasset" 941
"../../../Engine/Plugins/Interchange/Assets/Content/gltf/MaterialInstances/MI_ClearCoat_Mask.uexp" 942
"../../../Engine/Plugins/Interchange/Assets/Content/gltf/MaterialInstances/MI_ClearCoat_Blend_DS.uasset" 943
"../../../Engine/Plugins/Interchange/Assets/Content/gltf/MaterialInstances/MI_ClearCoat_Blend_DS.uexp" 944
"../../../Engine/Plugins/Interchange/Assets/Content/gltf/MaterialInstances/MI_ClearCoat_Blend.uasset" 945
"../../../Engine/Plugins/Interchange/Assets/Content/gltf/MaterialInstances/MI_ClearCoat_Blend.uexp" 946
"../../../Engine/Content/VREditor/TransformGizmo/Main.uasset" 947
"../../../Engine/Content/VREditor/TransformGizmo/Main.uexp" 948
"../../../Engine/Content/VREditor/TransformGizmo/Xray.uasset" 949
"../../../Engine/Content/VREditor/TransformGizmo/Xray.uexp" 950
"../../../Engine/Content/VREditor/TransformGizmo/SM_Sequencer_Node.ubulk" 951
"../../../Engine/Content/VREditor/TransformGizmo/SM_Sequencer_Node.uasset" 952
"../../../Engine/Content/VREditor/TransformGizmo/SM_Sequencer_Node.uexp" 953
"../../../Engine/Content/VREditor/LaserPointer/VR_LaserPower_01.ubulk" 954
"../../../Engine/Content/VREditor/LaserPointer/VR_LaserPower_01.uasset" 955
"../../../Engine/Content/VREditor/LaserPointer/VR_LaserPower_01.uexp" 956
"../../../Engine/Content/VREditor/TransformGizmo/TransformGizmoMaterial.uasset" 957
"../../../Engine/Content/VREditor/TransformGizmo/TransformGizmoMaterial.uexp" 958
"../../../Engine/Content/VREditor/TransformGizmo/TranslucentTransformGizmoMaterial.uasset" 959
"../../../Engine/Content/VREditor/TransformGizmo/TranslucentTransformGizmoMaterial.uexp" 960
"../../../Engine/Content/VREditor/TransformGizmo/BoundingBoxEdge.ubulk" 961
"../../../Engine/Content/VREditor/TransformGizmo/BoundingBoxEdge.uasset" 962
"../../../Engine/Content/VREditor/TransformGizmo/BoundingBoxEdge.uexp" 963
"../../../Engine/Content/VREditor/TransformGizmo/BoundingBoxCorner.ubulk" 964
"../../../Engine/Content/VREditor/TransformGizmo/BoundingBoxCorner.uasset" 965
"../../../Engine/Content/VREditor/TransformGizmo/BoundingBoxCorner.uexp" 966
"../../../Engine/Content/EngineMaterials/BlendFunc_DefBlend.uasset" 967
"../../../Engine/Content/EngineMaterials/BlendFunc_DefBlend.uexp" 968
"../../../Engine/Content/OpenWorldTemplate/LandscapeMaterial/T_GridChecker_A.ubulk" 969
"../../../Engine/Content/OpenWorldTemplate/LandscapeMaterial/T_GridChecker_A.uasset" 970
"../../../Engine/Content/OpenWorldTemplate/LandscapeMaterial/T_GridChecker_A.uexp" 971
"../../../Engine/Content/EngineMaterials/BlendFunc_DefBase.uasset" 972
"../../../Engine/Content/EngineMaterials/BlendFunc_DefBase.uexp" 973
"../../../Engine/Content/Functions/Engine_MaterialFunctions03/Blends/Blend_Overlay.uasset" 974
"../../../Engine/Content/Functions/Engine_MaterialFunctions03/Blends/Blend_Overlay.uexp" 975
"../../../Engine/Content/Functions/Engine_MaterialFunctions01/Gradient/LinearGradient.uasset" 976
"../../../Engine/Content/Functions/Engine_MaterialFunctions01/Gradient/LinearGradient.uexp" 977
"../../../Engine/Content/Functions/Engine_MaterialFunctions01/ImageAdjustment/CheapContrast.uasset" 978
"../../../Engine/Content/Functions/Engine_MaterialFunctions01/ImageAdjustment/CheapContrast.uexp" 979
"../../../Engine/Content/OpenWorldTemplate/LandscapeMaterial/MF_ProcGrid.uasset" 980
"../../../Engine/Content/OpenWorldTemplate/LandscapeMaterial/MF_ProcGrid.uexp" 981
"../../../Engine/Content/OpenWorldTemplate/LandscapeMaterial/M_ProcGrid.uasset" 982
"../../../Engine/Content/OpenWorldTemplate/LandscapeMaterial/M_ProcGrid.uexp" 983
"../../../Engine/Content/EngineSky/T_Sky_Stars.ubulk" 984
"../../../Engine/Content/EngineSky/T_Sky_Stars.uasset" 985
"../../../Engine/Content/EngineSky/T_Sky_Stars.uexp" 986
"../../../Engine/Content/EngineSky/T_Sky_Clouds_M.ubulk" 987
"../../../Engine/Content/EngineSky/T_Sky_Clouds_M.uasset" 988
"../../../Engine/Content/EngineSky/T_Sky_Clouds_M.uexp" 989
"../../../Engine/Content/EngineSky/T_Sky_Blue.ubulk" 990
"../../../Engine/Content/EngineSky/T_Sky_Blue.uasset" 991
"../../../Engine/Content/EngineSky/T_Sky_Blue.uexp" 992
"../../../Engine/Content/EngineSky/M_Sky_Panning_Clouds2.uasset" 993
"../../../Engine/Content/EngineSky/M_Sky_Panning_Clouds2.uexp" 994
"../../../Engine/Content/EngineSky/SM_SkySphere.ubulk" 995
"../../../Engine/Content/EngineSky/SM_SkySphere.uasset" 996
"../../../Engine/Content/EngineSky/SM_SkySphere.uexp" 997
"../../../Engine/Content/EngineSky/M_SimpleSkyDome.uasset" 998
"../../../Engine/Content/EngineSky/M_SimpleSkyDome.uexp" 999
"../../../Engine/Plugins/Runtime/OpenXR/Content/Devices/ValveIndex/MRTexture.ubulk" 1000
"../../../Engine/Plugins/Runtime/OpenXR/Content/Devices/ValveIndex/MRTexture.uasset" 1001
"../../../Engine/Plugins/Runtime/OpenXR/Content/Devices/ValveIndex/MRTexture.uexp" 1002
"../../../Engine/Plugins/Runtime/OpenXR/Content/Devices/ValveIndex/BaseTexture.ubulk" 1003
"../../../Engine/Plugins/Runtime/OpenXR/Content/Devices/ValveIndex/BaseTexture.uasset" 1004
"../../../Engine/Plugins/Runtime/OpenXR/Content/Devices/ValveIndex/BaseTexture.uexp" 1005
"../../../Engine/Plugins/Runtime/OpenXR/Content/Devices/ValveIndex/Right/MI_right_ValveIndex.uasset" 1006
"../../../Engine/Plugins/Runtime/OpenXR/Content/Devices/ValveIndex/Right/MI_right_ValveIndex.uexp" 1007
"../../../Engine/Plugins/Runtime/OpenXR/Content/Devices/ValveIndex/Right/right_ValveIndexController.ubulk" 1008
"../../../Engine/Plugins/Runtime/OpenXR/Content/Devices/ValveIndex/Right/right_ValveIndexController.uasset" 1009
"../../../Engine/Plugins/Runtime/OpenXR/Content/Devices/ValveIndex/Right/right_ValveIndexController.uexp" 1010
"../../../Engine/Plugins/Runtime/OpenXR/Content/Devices/ValveIndex/Left/MI_left_ValveIndex.uasset" 1011
"../../../Engine/Plugins/Runtime/OpenXR/Content/Devices/ValveIndex/Left/MI_left_ValveIndex.uexp" 1012
"../../../Engine/Plugins/Runtime/OpenXR/Content/Devices/ValveIndex/Left/left_ValveIndexController.ubulk" 1013
"../../../Engine/Plugins/Runtime/OpenXR/Content/Devices/ValveIndex/Left/left_ValveIndexController.uasset" 1014
"../../../Engine/Plugins/Runtime/OpenXR/Content/Devices/ValveIndex/Left/left_ValveIndexController.uexp" 1015
"../../../Engine/Plugins/Runtime/OpenXR/Content/Devices/OculusTouch_v3/MRTexture.ubulk" 1016
"../../../Engine/Plugins/Runtime/OpenXR/Content/Devices/OculusTouch_v3/MRTexture.uasset" 1017
"../../../Engine/Plugins/Runtime/OpenXR/Content/Devices/OculusTouch_v3/MRTexture.uexp" 1018
"../../../Engine/Plugins/Runtime/OpenXR/Content/Devices/OculusTouch_v3/BaseTexture.ubulk" 1019
"../../../Engine/Plugins/Runtime/OpenXR/Content/Devices/OculusTouch_v3/BaseTexture.uasset" 1020
"../../../Engine/Plugins/Runtime/OpenXR/Content/Devices/OculusTouch_v3/BaseTexture.uexp" 1021
"../../../Engine/Plugins/Runtime/OpenXR/Content/Devices/OculusTouch_v3/MI_OculusTouch_v3.uasset" 1022
"../../../Engine/Plugins/Runtime/OpenXR/Content/Devices/OculusTouch_v3/MI_OculusTouch_v3.uexp" 1023
"../../../Engine/Plugins/Runtime/OpenXR/Content/Devices/OculusTouch_v3/Right/right_OculusTouch_v3Controller.ubulk" 1024
"../../../Engine/Plugins/Runtime/OpenXR/Content/Devices/OculusTouch_v3/Right/right_OculusTouch_v3Controller.uasset" 1025
"../../../Engine/Plugins/Runtime/OpenXR/Content/Devices/OculusTouch_v3/Right/right_OculusTouch_v3Controller.uexp" 1026
"../../../Engine/Plugins/Runtime/OpenXR/Content/Devices/OculusTouch_v3/Left/left_OculusTouch_v3Controller.ubulk" 1027
"../../../Engine/Plugins/Runtime/OpenXR/Content/Devices/OculusTouch_v3/Left/left_OculusTouch_v3Controller.uasset" 1028
"../../../Engine/Plugins/Runtime/OpenXR/Content/Devices/OculusTouch_v3/Left/left_OculusTouch_v3Controller.uexp" 1029
"../../../Engine/Plugins/Runtime/OpenXR/Content/Devices/OculusTouch_v2/BaseTexture.ubulk" 1030
"../../../Engine/Plugins/Runtime/OpenXR/Content/Devices/OculusTouch_v2/BaseTexture.uasset" 1031
"../../../Engine/Plugins/Runtime/OpenXR/Content/Devices/OculusTouch_v2/BaseTexture.uexp" 1032
"../../../Engine/Plugins/Runtime/OpenXR/Content/Devices/OculusTouch_v2/MRTexture.ubulk" 1033
"../../../Engine/Plugins/Runtime/OpenXR/Content/Devices/OculusTouch_v2/MRTexture.uasset" 1034
"../../../Engine/Plugins/Runtime/OpenXR/Content/Devices/OculusTouch_v2/MRTexture.uexp" 1035
"../../../Engine/Plugins/Runtime/OpenXR/Content/Devices/OculusTouch_v2/MI_OculusTouch_v2.uasset" 1036
"../../../Engine/Plugins/Runtime/OpenXR/Content/Devices/OculusTouch_v2/MI_OculusTouch_v2.uexp" 1037
"../../../Engine/Plugins/Runtime/OpenXR/Content/Devices/OculusTouch_v2/Right/right_OculusTouch_v2Controller.ubulk" 1038
"../../../Engine/Plugins/Runtime/OpenXR/Content/Devices/OculusTouch_v2/Right/right_OculusTouch_v2Controller.uasset" 1039
"../../../Engine/Plugins/Runtime/OpenXR/Content/Devices/OculusTouch_v2/Right/right_OculusTouch_v2Controller.uexp" 1040
"../../../Engine/Plugins/Runtime/OpenXR/Content/Devices/OculusTouch_v2/Left/left_OculusTouch_v2Controller.ubulk" 1041
"../../../Engine/Plugins/Runtime/OpenXR/Content/Devices/OculusTouch_v2/Left/left_OculusTouch_v2Controller.uasset" 1042
"../../../Engine/Plugins/Runtime/OpenXR/Content/Devices/OculusTouch_v2/Left/left_OculusTouch_v2Controller.uexp" 1043
"../../../Engine/Plugins/Runtime/OpenXR/Content/Devices/OculusTouch/BaseTexture.ubulk" 1044
"../../../Engine/Plugins/Runtime/OpenXR/Content/Devices/OculusTouch/BaseTexture.uasset" 1045
"../../../Engine/Plugins/Runtime/OpenXR/Content/Devices/OculusTouch/BaseTexture.uexp" 1046
"../../../Engine/Plugins/Runtime/OpenXR/Content/Devices/OculusTouch/MRTexture.ubulk" 1047
"../../../Engine/Plugins/Runtime/OpenXR/Content/Devices/OculusTouch/MRTexture.uasset" 1048
"../../../Engine/Plugins/Runtime/OpenXR/Content/Devices/OculusTouch/MRTexture.uexp" 1049
"../../../Engine/Plugins/Runtime/OpenXR/Content/Devices/OculusTouch/MI_OculusTouch.uasset" 1050
"../../../Engine/Plugins/Runtime/OpenXR/Content/Devices/OculusTouch/MI_OculusTouch.uexp" 1051
"../../../Engine/Plugins/Runtime/OpenXR/Content/Devices/OculusTouch/Right/right_OculusTouchController.ubulk" 1052
"../../../Engine/Plugins/Runtime/OpenXR/Content/Devices/OculusTouch/Right/right_OculusTouchController.uasset" 1053
"../../../Engine/Plugins/Runtime/OpenXR/Content/Devices/OculusTouch/Right/right_OculusTouchController.uexp" 1054
"../../../Engine/Plugins/Runtime/OpenXR/Content/Devices/OculusTouch/Left/left_OculusTouchController.ubulk" 1055
"../../../Engine/Plugins/Runtime/OpenXR/Content/Devices/OculusTouch/Left/left_OculusTouchController.uasset" 1056
"../../../Engine/Plugins/Runtime/OpenXR/Content/Devices/OculusTouch/Left/left_OculusTouchController.uexp" 1057
"../../../Engine/Plugins/Runtime/OpenXR/Content/Devices/MicrosoftMixedReality/NormalTexture.ubulk" 1058
"../../../Engine/Plugins/Runtime/OpenXR/Content/Devices/MicrosoftMixedReality/NormalTexture.uasset" 1059
"../../../Engine/Plugins/Runtime/OpenXR/Content/Devices/MicrosoftMixedReality/NormalTexture.uexp" 1060
"../../../Engine/Plugins/Runtime/OpenXR/Content/Devices/MicrosoftMixedReality/EmissiveTexture.ubulk" 1061
"../../../Engine/Plugins/Runtime/OpenXR/Content/Devices/MicrosoftMixedReality/EmissiveTexture.uasset" 1062
"../../../Engine/Plugins/Runtime/OpenXR/Content/Devices/MicrosoftMixedReality/EmissiveTexture.uexp" 1063
"../../../Engine/Plugins/Runtime/OpenXR/Content/Devices/MicrosoftMixedReality/BaseTexture.ubulk" 1064
"../../../Engine/Plugins/Runtime/OpenXR/Content/Devices/MicrosoftMixedReality/BaseTexture.uasset" 1065
"../../../Engine/Plugins/Runtime/OpenXR/Content/Devices/MicrosoftMixedReality/BaseTexture.uexp" 1066
"../../../Engine/Plugins/Runtime/OpenXR/Content/Devices/MicrosoftMixedReality/MRTexture.ubulk" 1067
"../../../Engine/Plugins/Runtime/OpenXR/Content/Devices/MicrosoftMixedReality/MRTexture.uasset" 1068
"../../../Engine/Plugins/Runtime/OpenXR/Content/Devices/MicrosoftMixedReality/MRTexture.uexp" 1069
"../../../Engine/Plugins/Runtime/OpenXR/Content/Devices/MicrosoftMixedReality/MI_MicrosoftMixedReality.uasset" 1070
"../../../Engine/Plugins/Runtime/OpenXR/Content/Devices/MicrosoftMixedReality/MI_MicrosoftMixedReality.uexp" 1071
"../../../Engine/Plugins/Runtime/OpenXR/Content/Devices/MicrosoftMixedReality/Right/right_MicrosoftMixedRealityController.ubulk" 1072
"../../../Engine/Plugins/Runtime/OpenXR/Content/Devices/MicrosoftMixedReality/Right/right_MicrosoftMixedRealityController.uasset" 1073
"../../../Engine/Plugins/Runtime/OpenXR/Content/Devices/MicrosoftMixedReality/Right/right_MicrosoftMixedRealityController.uexp" 1074
"../../../Engine/Plugins/Runtime/OpenXR/Content/Devices/MicrosoftMixedReality/Left/left_MicrosoftMixedRealityController.ubulk" 1075
"../../../Engine/Plugins/Runtime/OpenXR/Content/Devices/MicrosoftMixedReality/Left/left_MicrosoftMixedRealityController.uasset" 1076
"../../../Engine/Plugins/Runtime/OpenXR/Content/Devices/MicrosoftMixedReality/Left/left_MicrosoftMixedRealityController.uexp" 1077
"../../../Engine/Content/Functions/Engine_MaterialFunctions01/Shading/PowerToRoughness.uasset" 1078
"../../../Engine/Content/Functions/Engine_MaterialFunctions01/Shading/PowerToRoughness.uexp" 1079
"../../../Engine/Content/Functions/Engine_MaterialFunctions01/Shading/ConvertFromDiffSpec.uasset" 1080
"../../../Engine/Content/Functions/Engine_MaterialFunctions01/Shading/ConvertFromDiffSpec.uexp" 1081
"../../../Engine/Content/EngineMaterials/Substrate/Volume/SubstrateSimpleVolumeLUT3D.uasset" 1082
"../../../Engine/Content/EngineMaterials/Substrate/Volume/SubstrateSimpleVolumeLUT3D.uexp" 1083
"../../../Engine/Content/EngineMaterials/Substrate/Volume/SubstrateSimpleVolumeEnvLUT3D.uasset" 1084
"../../../Engine/Content/EngineMaterials/Substrate/Volume/SubstrateSimpleVolumeEnvLUT3D.uexp" 1085
"../../../Engine/Content/EngineMaterials/Substrate/GLints2/AGlintTex2dArray2.uasset" 1086
"../../../Engine/Content/EngineMaterials/Substrate/GLints2/AGlintTex2dArray2.uexp" 1087
"../../../Engine/Content/EngineMaterials/Substrate/GLints/AGlintTex2dArray.uasset" 1088
"../../../Engine/Content/EngineMaterials/Substrate/GLints/AGlintTex2dArray.uexp" 1089
"../../../Engine/Content/ArtTools/RenderToTexture/Meshes/S_1_Unit_Plane.ubulk" 1090
"../../../Engine/Content/ArtTools/RenderToTexture/Meshes/S_1_Unit_Plane.uasset" 1091
"../../../Engine/Content/ArtTools/RenderToTexture/Meshes/S_1_Unit_Plane.uexp" 1092
"../../../Engine/Content/EngineMaterials/DefaultPhysicalMaterial.uasset" 1093
"../../../Engine/Content/EngineMaterials/DefaultPhysicalMaterial.uexp" 1094
"C:/Users/plant/Documents/Unreal Projects/TestSubject/Proyect/Content/StarterContent/Textures/T_Burst_M.ubulk" 1095
"C:/Users/plant/Documents/Unreal Projects/TestSubject/Proyect/Content/StarterContent/Textures/T_Burst_M.uasset" 1096
"C:/Users/plant/Documents/Unreal Projects/TestSubject/Proyect/Content/StarterContent/Textures/T_Burst_M.uexp" 1097
"C:/Users/plant/Documents/Unreal Projects/TestSubject/Proyect/Content/StarterContent/Textures/T_Tech_Panel_M.ubulk" 1098
"C:/Users/plant/Documents/Unreal Projects/TestSubject/Proyect/Content/StarterContent/Textures/T_Tech_Panel_M.uasset" 1099
"C:/Users/plant/Documents/Unreal Projects/TestSubject/Proyect/Content/StarterContent/Textures/T_Tech_Panel_M.uexp" 1100
"C:/Users/plant/Documents/Unreal Projects/TestSubject/Proyect/Content/Blueprints/UI/WBP_MainMenu.uasset" 1101
"C:/Users/plant/Documents/Unreal Projects/TestSubject/Proyect/Content/Blueprints/UI/WBP_MainMenu.uexp" 1102
"C:/Users/plant/Documents/Unreal Projects/TestSubject/Proyect/Content/Blueprints/UI/BP_MenuDisplay.uasset" 1103
"C:/Users/plant/Documents/Unreal Projects/TestSubject/Proyect/Content/Blueprints/UI/BP_MenuDisplay.uexp" 1104
"../../../Engine/Content/EngineResources/LandscapeVisibilityLayerInfo.uasset" 1105
"../../../Engine/Content/EngineResources/LandscapeVisibilityLayerInfo.uexp" 1106
"../../../Engine/Content/VREditor/TransformGizmo/StartRotationHandleIndicator.ubulk" 1107
"../../../Engine/Content/VREditor/TransformGizmo/StartRotationHandleIndicator.uasset" 1108
"../../../Engine/Content/VREditor/TransformGizmo/StartRotationHandleIndicator.uexp" 1109
"../../../Engine/Content/VREditor/Sounds/UI/Drop_Item_From_ContentBrowser.ubulk" 1110
"../../../Engine/Content/VREditor/Sounds/UI/Drop_Item_From_ContentBrowser.uasset" 1111
"../../../Engine/Content/VREditor/Sounds/UI/Drop_Item_From_ContentBrowser.uexp" 1112
"../../../Engine/Content/VREditor/TransformGizmo/PlaneTranslationHandle.ubulk" 1113
"../../../Engine/Content/VREditor/TransformGizmo/PlaneTranslationHandle.uasset" 1114
"../../../Engine/Content/VREditor/TransformGizmo/PlaneTranslationHandle.uexp" 1115
"../../../Engine/Content/VREditor/Sounds/UI/Object_Snaps_To_Grid.ubulk" 1116
"../../../Engine/Content/VREditor/Sounds/UI/Object_Snaps_To_Grid.uasset" 1117
"../../../Engine/Content/VREditor/Sounds/UI/Object_Snaps_To_Grid.uexp" 1118
"../../../Engine/Content/VREditor/Sounds/UI/Selection_Changes.ubulk" 1119
"../../../Engine/Content/VREditor/Sounds/UI/Selection_Changes.uasset" 1120
"../../../Engine/Content/VREditor/Sounds/UI/Selection_Changes.uexp" 1121
"../../../Engine/Content/VREditor/Sounds/UI/Object_Snaps_To_Another_Actor.ubulk" 1122
"../../../Engine/Content/VREditor/Sounds/UI/Object_Snaps_To_Another_Actor.uasset" 1123
"../../../Engine/Content/VREditor/Sounds/UI/Object_Snaps_To_Another_Actor.uexp" 1124
"../../../Engine/Content/VREditor/TransformGizmo/TranslucentTransformGizmoMaterial_Inst.uasset" 1125
"../../../Engine/Content/VREditor/TransformGizmo/TranslucentTransformGizmoMaterial_Inst.uexp" 1126
"../../../Engine/Content/VREditor/TransformGizmo/TransformGizmoFreeRotation.ubulk" 1127
"../../../Engine/Content/VREditor/TransformGizmo/TransformGizmoFreeRotation.uasset" 1128
"../../../Engine/Content/VREditor/TransformGizmo/TransformGizmoFreeRotation.uexp" 1129
"../../../Engine/Content/VREditor/Sounds/UI/Scaling_Down.ubulk" 1130
"../../../Engine/Content/VREditor/Sounds/UI/Scaling_Down.uasset" 1131
"../../../Engine/Content/VREditor/Sounds/UI/Scaling_Down.uexp" 1132
"../../../Engine/Content/Functions/Engine_MaterialFunctions02/SplitComponents.uasset" 1133
"../../../Engine/Content/Functions/Engine_MaterialFunctions02/SplitComponents.uexp" 1134
"../../../Engine/Content/VREditor/SnapGrid/SnapGridMaterial.uasset" 1135
"../../../Engine/Content/VREditor/SnapGrid/SnapGridMaterial.uexp" 1136
"../../../Engine/Content/VREditor/SnapGrid/SnapGridPlaneMesh.ubulk" 1137
"../../../Engine/Content/VREditor/SnapGrid/SnapGridPlaneMesh.uasset" 1138
"../../../Engine/Content/VREditor/SnapGrid/SnapGridPlaneMesh.uexp" 1139
"../../../Engine/Content/VREditor/Sounds/UI/Scaling_Up.ubulk" 1140
"../../../Engine/Content/VREditor/Sounds/UI/Scaling_Up.uasset" 1141
"../../../Engine/Content/VREditor/Sounds/UI/Scaling_Up.uexp" 1142
"../../../Engine/Content/VREditor/TransformGizmo/TransformGizmoMaterial_Inst.uasset" 1143
"../../../Engine/Content/VREditor/TransformGizmo/TransformGizmoMaterial_Inst.uexp" 1144
"../../../Engine/Content/VREditor/Sounds/UI/Gizmo_Handle_Clicked.ubulk" 1145
"../../../Engine/Content/VREditor/Sounds/UI/Gizmo_Handle_Clicked.uasset" 1146
"../../../Engine/Content/VREditor/Sounds/UI/Gizmo_Handle_Clicked.uexp" 1147
"../../../Engine/Content/VREditor/TransformGizmo/RotationHandleQuarter.ubulk" 1148
"../../../Engine/Content/VREditor/TransformGizmo/RotationHandleQuarter.uasset" 1149
"../../../Engine/Content/VREditor/TransformGizmo/RotationHandleQuarter.uexp" 1150
"../../../Engine/Content/VREditor/TransformGizmo/TranslateArrowHandle.ubulk" 1151
"../../../Engine/Content/VREditor/TransformGizmo/TranslateArrowHandle.uasset" 1152
"../../../Engine/Content/VREditor/TransformGizmo/TranslateArrowHandle.uexp" 1153
"../../../Engine/Content/VREditor/TransformGizmo/RotationHandleIndicator.ubulk" 1154
"../../../Engine/Content/VREditor/TransformGizmo/RotationHandleIndicator.uasset" 1155
"../../../Engine/Content/VREditor/TransformGizmo/RotationHandleIndicator.uexp" 1156
"../../../Engine/Content/VREditor/TransformGizmo/UniformScaleHandle.ubulk" 1157
"../../../Engine/Content/VREditor/TransformGizmo/UniformScaleHandle.uasset" 1158
"../../../Engine/Content/VREditor/TransformGizmo/UniformScaleHandle.uexp" 1159
"../../../Engine/Content/VREditor/TransformGizmo/RotationHandleFull.ubulk" 1160
"../../../Engine/Content/VREditor/TransformGizmo/RotationHandleFull.uasset" 1161
"../../../Engine/Content/VREditor/TransformGizmo/RotationHandleFull.uexp" 1162
"../../../Engine/Content/VREditor/Sounds/UI/Object_PickUp.ubulk" 1163
"../../../Engine/Content/VREditor/Sounds/UI/Object_PickUp.uasset" 1164
"../../../Engine/Content/VREditor/Sounds/UI/Object_PickUp.uexp" 1165
"../../../Engine/Plugins/Animation/DeformerGraph/Content/DeformerFunctions/DG_Function_ComputeNormalsTangents.uasset" 1166
"../../../Engine/Plugins/Animation/DeformerGraph/Content/DeformerFunctions/DG_Function_ComputeNormalsTangents.uexp" 1167
"../../../Engine/Plugins/Animation/DeformerGraph/Content/DeformerFunctions/DG_Function_LinearBlendSkin_Morph_Cloth.uasset" 1168
"../../../Engine/Plugins/Animation/DeformerGraph/Content/DeformerFunctions/DG_Function_LinearBlendSkin_Morph_Cloth.uexp" 1169
"../../../Engine/Plugins/Animation/DeformerGraph/Content/DeformerFunctions/DG_Function_LinearBlendSkin_Morph_Cloth_PositionOnly.uasset" 1170
"../../../Engine/Plugins/Animation/DeformerGraph/Content/DeformerFunctions/DG_Function_LinearBlendSkin_Morph_Cloth_PositionOnly.uexp" 1171
"../../../Engine/Plugins/Animation/DeformerGraph/Content/Deformers/DG_LinearBlendSkin_Morph_Cloth.uasset" 1172
"../../../Engine/Plugins/Animation/DeformerGraph/Content/Deformers/DG_LinearBlendSkin_Morph_Cloth.uexp" 1173
"../../../Engine/Plugins/Animation/DeformerGraph/Content/Deformers/DG_LinearBlendSkin_Morph_Cloth_RecomputeNormals.uasset" 1174
"../../../Engine/Plugins/Animation/DeformerGraph/Content/Deformers/DG_LinearBlendSkin_Morph_Cloth_RecomputeNormals.uexp" 1175
"../../../Engine/Content/Maps/Entry_BuiltData.uasset" 1176
"../../../Engine/Content/Maps/Entry_BuiltData.uexp" 1177
"../../../Engine/Content/Maps/Entry.uexp" 1178
"../../../Engine/Content/Maps/Entry.umap" 1179
"C:/Users/plant/Documents/Unreal Projects/TestSubject/Proyect/Content/StarterContent/Materials/M_AssetPlatform.uasset" 1180
"C:/Users/plant/Documents/Unreal Projects/TestSubject/Proyect/Content/StarterContent/Materials/M_AssetPlatform.uexp" 1181
"C:/Users/plant/Documents/Unreal Projects/TestSubject/Proyect/Content/StarterContent/Architecture/SM_AssetPlatform.ubulk" 1182
"C:/Users/plant/Documents/Unreal Projects/TestSubject/Proyect/Content/StarterContent/Architecture/SM_AssetPlatform.uasset" 1183
"C:/Users/plant/Documents/Unreal Projects/TestSubject/Proyect/Content/StarterContent/Architecture/SM_AssetPlatform.uexp" 1184
"C:/Users/plant/Documents/Unreal Projects/TestSubject/Proyect/Content/StarterContent/Shapes/Shape_Cylinder.ubulk" 1185
"C:/Users/plant/Documents/Unreal Projects/TestSubject/Proyect/Content/StarterContent/Shapes/Shape_Cylinder.uasset" 1186
"C:/Users/plant/Documents/Unreal Projects/TestSubject/Proyect/Content/StarterContent/Shapes/Shape_Cylinder.uexp" 1187
"C:/Users/plant/Documents/Unreal Projects/TestSubject/Proyect/Content/Input/IA_Teleport.uasset" 1188
"C:/Users/plant/Documents/Unreal Projects/TestSubject/Proyect/Content/Input/IA_Teleport.uexp" 1189
"C:/Users/plant/Documents/Unreal Projects/TestSubject/Proyect/Content/Input/IA_Select.uasset" 1190
"C:/Users/plant/Documents/Unreal Projects/TestSubject/Proyect/Content/Input/IA_Select.uexp" 1191
"C:/Users/plant/Documents/Unreal Projects/TestSubject/Proyect/Content/Input/IA_Menu.uasset" 1192
"C:/Users/plant/Documents/Unreal Projects/TestSubject/Proyect/Content/Input/IA_Menu.uexp" 1193
"C:/Users/plant/Documents/Unreal Projects/TestSubject/Proyect/Content/Input/IMC_Default.uasset" 1194
"C:/Users/plant/Documents/Unreal Projects/TestSubject/Proyect/Content/Input/IMC_Default.uexp" 1195
"C:/Users/plant/Documents/Unreal Projects/TestSubject/Proyect/Content/Matirials/M_TeleportArcInvalid.uasset" 1196
"C:/Users/plant/Documents/Unreal Projects/TestSubject/Proyect/Content/Matirials/M_TeleportArcInvalid.uexp" 1197
"C:/Users/plant/Documents/Unreal Projects/TestSubject/Proyect/Content/StarterContent/Materials/M_Basic_Floor.uasset" 1198
"C:/Users/plant/Documents/Unreal Projects/TestSubject/Proyect/Content/StarterContent/Materials/M_Basic_Floor.uexp" 1199
"C:/Users/plant/Documents/Unreal Projects/TestSubject/Proyect/Content/Matirials/M_TeleportArcValid.uasset" 1200
"C:/Users/plant/Documents/Unreal Projects/TestSubject/Proyect/Content/Matirials/M_TeleportArcValid.uexp" 1201
"C:/Users/plant/Documents/Unreal Projects/TestSubject/Proyect/Content/Blueprints/BP_RVPawn.uasset" 1202
"C:/Users/plant/Documents/Unreal Projects/TestSubject/Proyect/Content/Blueprints/BP_RVPawn.uexp" 1203
"C:/Users/plant/Documents/Unreal Projects/TestSubject/Proyect/Content/Blueprints/BP_MenuGameMode.uasset" 1204
"C:/Users/plant/Documents/Unreal Projects/TestSubject/Proyect/Content/Blueprints/BP_MenuGameMode.uexp" 1205
"C:/Users/plant/Documents/Unreal Projects/TestSubject/Proyect/Content/Levels/MenuLevel.uexp" 1206
"C:/Users/plant/Documents/Unreal Projects/TestSubject/Proyect/Content/Levels/MenuLevel.ubulk" 1207
"C:/Users/plant/Documents/Unreal Projects/TestSubject/Proyect/Content/Levels/MenuLevel.umap" 1208
"C:/Users/plant/Documents/Unreal Projects/TestSubject/Proyect/Content/Levels/MenuLevel/_Generated_/0XNIAHFQAC4UBXXGTQZCIY0XL.uexp" 1209
"C:/Users/plant/Documents/Unreal Projects/TestSubject/Proyect/Content/Levels/MenuLevel/_Generated_/0XNIAHFQAC4UBXXGTQZCIY0XL.ubulk" 1210
"C:/Users/plant/Documents/Unreal Projects/TestSubject/Proyect/Content/Levels/MenuLevel/_Generated_/0XNIAHFQAC4UBXXGTQZCIY0XL.umap" 1211
"C:/Users/plant/Documents/Unreal Projects/TestSubject/Proyect/Content/Levels/MenuLevel/_Generated_/20Z5UHQF4ZL51BZHNF691P7XJ.uexp" 1212
"C:/Users/plant/Documents/Unreal Projects/TestSubject/Proyect/Content/Levels/MenuLevel/_Generated_/20Z5UHQF4ZL51BZHNF691P7XJ.ubulk" 1213
"C:/Users/plant/Documents/Unreal Projects/TestSubject/Proyect/Content/Levels/MenuLevel/_Generated_/20Z5UHQF4ZL51BZHNF691P7XJ.umap" 1214
"C:/Users/plant/Documents/Unreal Projects/TestSubject/Proyect/Content/Levels/MenuLevel/_Generated_/A5LOJ80JTKCDQ4UKGDDHY8ARK.uexp" 1215
"C:/Users/plant/Documents/Unreal Projects/TestSubject/Proyect/Content/Levels/MenuLevel/_Generated_/A5LOJ80JTKCDQ4UKGDDHY8ARK.ubulk" 1216
"C:/Users/plant/Documents/Unreal Projects/TestSubject/Proyect/Content/Levels/MenuLevel/_Generated_/A5LOJ80JTKCDQ4UKGDDHY8ARK.umap" 1217
"C:/Users/plant/Documents/Unreal Projects/TestSubject/Proyect/Content/Levels/MenuLevel/_Generated_/BRS6Z5E3YADM3C7HDN3W74T92.uexp" 1218
"C:/Users/plant/Documents/Unreal Projects/TestSubject/Proyect/Content/Levels/MenuLevel/_Generated_/BRS6Z5E3YADM3C7HDN3W74T92.ubulk" 1219
"C:/Users/plant/Documents/Unreal Projects/TestSubject/Proyect/Content/Levels/MenuLevel/_Generated_/BRS6Z5E3YADM3C7HDN3W74T92.umap" 1220
"C:/Users/plant/Documents/Unreal Projects/TestSubject/Proyect/Content/Levels/MenuLevel/_Generated_/4EJO29GXFS0990MILIJ9SRDD6.uexp" 1221
"C:/Users/plant/Documents/Unreal Projects/TestSubject/Proyect/Content/Levels/MenuLevel/_Generated_/4EJO29GXFS0990MILIJ9SRDD6.ubulk" 1222
"C:/Users/plant/Documents/Unreal Projects/TestSubject/Proyect/Content/Levels/MenuLevel/_Generated_/4EJO29GXFS0990MILIJ9SRDD6.umap" 1223
"C:/Users/plant/Documents/Unreal Projects/TestSubject/Proyect/Content/Levels/MenuLevel/_Generated_/4VSIG05IYILOM3P1X1FVCF018.uexp" 1224
"C:/Users/plant/Documents/Unreal Projects/TestSubject/Proyect/Content/Levels/MenuLevel/_Generated_/4VSIG05IYILOM3P1X1FVCF018.ubulk" 1225
"C:/Users/plant/Documents/Unreal Projects/TestSubject/Proyect/Content/Levels/MenuLevel/_Generated_/4VSIG05IYILOM3P1X1FVCF018.umap" 1226
"C:/Users/plant/Documents/Unreal Projects/TestSubject/Proyect/Content/Levels/MenuLevel/_Generated_/1GFZ0HYD08282AHX5OV67Q5RH.uexp" 1227
"C:/Users/plant/Documents/Unreal Projects/TestSubject/Proyect/Content/Levels/MenuLevel/_Generated_/1GFZ0HYD08282AHX5OV67Q5RH.ubulk" 1228
"C:/Users/plant/Documents/Unreal Projects/TestSubject/Proyect/Content/Levels/MenuLevel/_Generated_/1GFZ0HYD08282AHX5OV67Q5RH.umap" 1229
"C:/Users/plant/Documents/Unreal Projects/TestSubject/Proyect/Content/Levels/MenuLevel/_Generated_/DAA3E404CPE3ZHLVHUVEW6UG1.uexp" 1230
"C:/Users/plant/Documents/Unreal Projects/TestSubject/Proyect/Content/Levels/MenuLevel/_Generated_/DAA3E404CPE3ZHLVHUVEW6UG1.ubulk" 1231
"C:/Users/plant/Documents/Unreal Projects/TestSubject/Proyect/Content/Levels/MenuLevel/_Generated_/DAA3E404CPE3ZHLVHUVEW6UG1.umap" 1232
"C:/Users/plant/Documents/Unreal Projects/TestSubject/Proyect/Content/Levels/MenuLevel/_Generated_/3MQJ1BJ1C3IM1JCMAYYXKG7JH.uexp" 1233
"C:/Users/plant/Documents/Unreal Projects/TestSubject/Proyect/Content/Levels/MenuLevel/_Generated_/3MQJ1BJ1C3IM1JCMAYYXKG7JH.ubulk" 1234
"C:/Users/plant/Documents/Unreal Projects/TestSubject/Proyect/Content/Levels/MenuLevel/_Generated_/3MQJ1BJ1C3IM1JCMAYYXKG7JH.umap" 1235
"C:/Users/plant/Documents/Unreal Projects/TestSubject/Proyect/Content/Levels/MenuLevel/_Generated_/8UOKPR1PYDAWYKXHN7Q835MER.uexp" 1236
"C:/Users/plant/Documents/Unreal Projects/TestSubject/Proyect/Content/Levels/MenuLevel/_Generated_/8UOKPR1PYDAWYKXHN7Q835MER.ubulk" 1237
"C:/Users/plant/Documents/Unreal Projects/TestSubject/Proyect/Content/Levels/MenuLevel/_Generated_/8UOKPR1PYDAWYKXHN7Q835MER.umap" 1238
"C:/Users/plant/Documents/Unreal Projects/TestSubject/Proyect/Content/Levels/MenuLevel/_Generated_/7OVSS9STUF2N3CWRB78ZSTLUL.uexp" 1239
"C:/Users/plant/Documents/Unreal Projects/TestSubject/Proyect/Content/Levels/MenuLevel/_Generated_/7OVSS9STUF2N3CWRB78ZSTLUL.ubulk" 1240
"C:/Users/plant/Documents/Unreal Projects/TestSubject/Proyect/Content/Levels/MenuLevel/_Generated_/7OVSS9STUF2N3CWRB78ZSTLUL.umap" 1241
"C:/Users/plant/Documents/Unreal Projects/TestSubject/Proyect/Content/Levels/MenuLevel/_Generated_/17WH3AIWWO157O9JPAXY6IRHJ.uexp" 1242
"C:/Users/plant/Documents/Unreal Projects/TestSubject/Proyect/Content/Levels/MenuLevel/_Generated_/17WH3AIWWO157O9JPAXY6IRHJ.ubulk" 1243
"C:/Users/plant/Documents/Unreal Projects/TestSubject/Proyect/Content/Levels/MenuLevel/_Generated_/17WH3AIWWO157O9JPAXY6IRHJ.umap" 1244
"C:/Users/plant/Documents/Unreal Projects/TestSubject/Proyect/Content/Levels/MenuLevel/_Generated_/7HFB8U8GL0KKV2J5M8NJRJYY3.uexp" 1245
"C:/Users/plant/Documents/Unreal Projects/TestSubject/Proyect/Content/Levels/MenuLevel/_Generated_/7HFB8U8GL0KKV2J5M8NJRJYY3.ubulk" 1246
"C:/Users/plant/Documents/Unreal Projects/TestSubject/Proyect/Content/Levels/MenuLevel/_Generated_/7HFB8U8GL0KKV2J5M8NJRJYY3.umap" 1247
"C:/Users/plant/Documents/Unreal Projects/TestSubject/Proyect/Content/Levels/MenuLevel/_Generated_/2QPW2JSI98AQJGVKKWFEQJ4Z4.uexp" 1248
"C:/Users/plant/Documents/Unreal Projects/TestSubject/Proyect/Content/Levels/MenuLevel/_Generated_/2QPW2JSI98AQJGVKKWFEQJ4Z4.ubulk" 1249
"C:/Users/plant/Documents/Unreal Projects/TestSubject/Proyect/Content/Levels/MenuLevel/_Generated_/2QPW2JSI98AQJGVKKWFEQJ4Z4.umap" 1250
"C:/Users/plant/Documents/Unreal Projects/TestSubject/Proyect/Content/Levels/MenuLevel/_Generated_/52XNFM47GH0HTF1YHL6G7UDT6.uexp" 1251
"C:/Users/plant/Documents/Unreal Projects/TestSubject/Proyect/Content/Levels/MenuLevel/_Generated_/52XNFM47GH0HTF1YHL6G7UDT6.ubulk" 1252
"C:/Users/plant/Documents/Unreal Projects/TestSubject/Proyect/Content/Levels/MenuLevel/_Generated_/52XNFM47GH0HTF1YHL6G7UDT6.umap" 1253
"C:/Users/plant/Documents/Unreal Projects/TestSubject/Proyect/Content/Levels/MenuLevel/_Generated_/3UPUTL0SOH6LHSS5VECV55IX2.uexp" 1254
"C:/Users/plant/Documents/Unreal Projects/TestSubject/Proyect/Content/Levels/MenuLevel/_Generated_/3UPUTL0SOH6LHSS5VECV55IX2.ubulk" 1255
"C:/Users/plant/Documents/Unreal Projects/TestSubject/Proyect/Content/Levels/MenuLevel/_Generated_/3UPUTL0SOH6LHSS5VECV55IX2.umap" 1256
"C:/Users/plant/Documents/Unreal Projects/TestSubject/Proyect/Content/Levels/MenuLevel/_Generated_/8TPI019LPIYKLZ5ZG8NQO07E0.uexp" 1257
"C:/Users/plant/Documents/Unreal Projects/TestSubject/Proyect/Content/Levels/MenuLevel/_Generated_/8TPI019LPIYKLZ5ZG8NQO07E0.ubulk" 1258
"C:/Users/plant/Documents/Unreal Projects/TestSubject/Proyect/Content/Levels/MenuLevel/_Generated_/8TPI019LPIYKLZ5ZG8NQO07E0.umap" 1259
"C:/Users/plant/Documents/Unreal Projects/TestSubject/Proyect/Content/Levels/MenuLevel/_Generated_/84SFLCR18DCXYVL2JKR1JG1LJ.uexp" 1260
"C:/Users/plant/Documents/Unreal Projects/TestSubject/Proyect/Content/Levels/MenuLevel/_Generated_/84SFLCR18DCXYVL2JKR1JG1LJ.ubulk" 1261
"C:/Users/plant/Documents/Unreal Projects/TestSubject/Proyect/Content/Levels/MenuLevel/_Generated_/84SFLCR18DCXYVL2JKR1JG1LJ.umap" 1262
"C:/Users/plant/Documents/Unreal Projects/TestSubject/Proyect/Content/Levels/MenuLevel/_Generated_/EXMYYLKUCQATHTMDF9MSTY868.uexp" 1263
"C:/Users/plant/Documents/Unreal Projects/TestSubject/Proyect/Content/Levels/MenuLevel/_Generated_/EXMYYLKUCQATHTMDF9MSTY868.ubulk" 1264
"C:/Users/plant/Documents/Unreal Projects/TestSubject/Proyect/Content/Levels/MenuLevel/_Generated_/EXMYYLKUCQATHTMDF9MSTY868.umap" 1265
"C:/Users/plant/Documents/Unreal Projects/TestSubject/Proyect/Content/Levels/MenuLevel/_Generated_/79KE1WMG00OOYUITBXZ15FGBF.uexp" 1266
"C:/Users/plant/Documents/Unreal Projects/TestSubject/Proyect/Content/Levels/MenuLevel/_Generated_/79KE1WMG00OOYUITBXZ15FGBF.ubulk" 1267
"C:/Users/plant/Documents/Unreal Projects/TestSubject/Proyect/Content/Levels/MenuLevel/_Generated_/79KE1WMG00OOYUITBXZ15FGBF.umap" 1268
"C:/Users/plant/Documents/Unreal Projects/TestSubject/Proyect/Content/Levels/MenuLevel/_Generated_/3YTFKDXWWVHQSRGGF14XVTXQB.uexp" 1269
"C:/Users/plant/Documents/Unreal Projects/TestSubject/Proyect/Content/Levels/MenuLevel/_Generated_/3YTFKDXWWVHQSRGGF14XVTXQB.ubulk" 1270
"C:/Users/plant/Documents/Unreal Projects/TestSubject/Proyect/Content/Levels/MenuLevel/_Generated_/3YTFKDXWWVHQSRGGF14XVTXQB.umap" 1271
"C:/Users/plant/Documents/Unreal Projects/TestSubject/Proyect/Content/Levels/MenuLevel/_Generated_/03DSFWG5XV3XHCOZK0V5VS2OP.uexp" 1272
"C:/Users/plant/Documents/Unreal Projects/TestSubject/Proyect/Content/Levels/MenuLevel/_Generated_/03DSFWG5XV3XHCOZK0V5VS2OP.ubulk" 1273
"C:/Users/plant/Documents/Unreal Projects/TestSubject/Proyect/Content/Levels/MenuLevel/_Generated_/03DSFWG5XV3XHCOZK0V5VS2OP.umap" 1274
"C:/Users/plant/Documents/Unreal Projects/TestSubject/Proyect/Content/Levels/MenuLevel/_Generated_/B2PRFS7DN6K37I001UDTSOKR2.uexp" 1275
"C:/Users/plant/Documents/Unreal Projects/TestSubject/Proyect/Content/Levels/MenuLevel/_Generated_/B2PRFS7DN6K37I001UDTSOKR2.ubulk" 1276
"C:/Users/plant/Documents/Unreal Projects/TestSubject/Proyect/Content/Levels/MenuLevel/_Generated_/B2PRFS7DN6K37I001UDTSOKR2.umap" 1277
"C:/Users/plant/Documents/Unreal Projects/TestSubject/Proyect/Content/Levels/MenuLevel/_Generated_/EW146TD9EWNIBMR305FS7IRMM.uexp" 1278
"C:/Users/plant/Documents/Unreal Projects/TestSubject/Proyect/Content/Levels/MenuLevel/_Generated_/EW146TD9EWNIBMR305FS7IRMM.ubulk" 1279
"C:/Users/plant/Documents/Unreal Projects/TestSubject/Proyect/Content/Levels/MenuLevel/_Generated_/EW146TD9EWNIBMR305FS7IRMM.umap" 1280
"C:/Users/plant/Documents/Unreal Projects/TestSubject/Proyect/Content/Levels/MenuLevel/_Generated_/24Z1V7VAVST65SCYQ45O5II1M.uexp" 1281
"C:/Users/plant/Documents/Unreal Projects/TestSubject/Proyect/Content/Levels/MenuLevel/_Generated_/24Z1V7VAVST65SCYQ45O5II1M.ubulk" 1282
"C:/Users/plant/Documents/Unreal Projects/TestSubject/Proyect/Content/Levels/MenuLevel/_Generated_/24Z1V7VAVST65SCYQ45O5II1M.umap" 1283
"C:/Users/plant/Documents/Unreal Projects/TestSubject/Proyect/Content/Levels/MenuLevel/_Generated_/A2HA5ICIAOVQXX888BQITQ63N.uexp" 1284
"C:/Users/plant/Documents/Unreal Projects/TestSubject/Proyect/Content/Levels/MenuLevel/_Generated_/A2HA5ICIAOVQXX888BQITQ63N.ubulk" 1285
"C:/Users/plant/Documents/Unreal Projects/TestSubject/Proyect/Content/Levels/MenuLevel/_Generated_/A2HA5ICIAOVQXX888BQITQ63N.umap" 1286
"C:/Users/plant/Documents/Unreal Projects/TestSubject/Proyect/Content/Levels/MenuLevel/_Generated_/0NPNHJJQTUFI4MMW2OUZ0YXQP.uexp" 1287
"C:/Users/plant/Documents/Unreal Projects/TestSubject/Proyect/Content/Levels/MenuLevel/_Generated_/0NPNHJJQTUFI4MMW2OUZ0YXQP.ubulk" 1288
"C:/Users/plant/Documents/Unreal Projects/TestSubject/Proyect/Content/Levels/MenuLevel/_Generated_/0NPNHJJQTUFI4MMW2OUZ0YXQP.umap" 1289
"C:/Users/plant/Documents/Unreal Projects/TestSubject/Proyect/Content/Levels/MenuLevel/_Generated_/1XTOK8XSRK8S1TTQ3MLHQVVBV.uexp" 1290
"C:/Users/plant/Documents/Unreal Projects/TestSubject/Proyect/Content/Levels/MenuLevel/_Generated_/1XTOK8XSRK8S1TTQ3MLHQVVBV.ubulk" 1291
"C:/Users/plant/Documents/Unreal Projects/TestSubject/Proyect/Content/Levels/MenuLevel/_Generated_/1XTOK8XSRK8S1TTQ3MLHQVVBV.umap" 1292
"C:/Users/plant/Documents/Unreal Projects/TestSubject/Proyect/Content/Levels/MenuLevel/_Generated_/CIB8174ZLO6PXCK4Y1V7I2W6M.uexp" 1293
"C:/Users/plant/Documents/Unreal Projects/TestSubject/Proyect/Content/Levels/MenuLevel/_Generated_/CIB8174ZLO6PXCK4Y1V7I2W6M.ubulk" 1294
"C:/Users/plant/Documents/Unreal Projects/TestSubject/Proyect/Content/Levels/MenuLevel/_Generated_/CIB8174ZLO6PXCK4Y1V7I2W6M.umap" 1295
"C:/Users/plant/Documents/Unreal Projects/TestSubject/Proyect/Content/Levels/MenuLevel/_Generated_/AZCU73BV3MLEFQP2RYLAY1MMX.uexp" 1296
"C:/Users/plant/Documents/Unreal Projects/TestSubject/Proyect/Content/Levels/MenuLevel/_Generated_/AZCU73BV3MLEFQP2RYLAY1MMX.ubulk" 1297
"C:/Users/plant/Documents/Unreal Projects/TestSubject/Proyect/Content/Levels/MenuLevel/_Generated_/AZCU73BV3MLEFQP2RYLAY1MMX.umap" 1298
"C:/Users/plant/Documents/Unreal Projects/TestSubject/Proyect/Content/Levels/MenuLevel/_Generated_/8FFSEFG87TJ38X8SCCQLJ3TJY.uexp" 1299
"C:/Users/plant/Documents/Unreal Projects/TestSubject/Proyect/Content/Levels/MenuLevel/_Generated_/8FFSEFG87TJ38X8SCCQLJ3TJY.ubulk" 1300
"C:/Users/plant/Documents/Unreal Projects/TestSubject/Proyect/Content/Levels/MenuLevel/_Generated_/8FFSEFG87TJ38X8SCCQLJ3TJY.umap" 1301
"C:/Users/plant/Documents/Unreal Projects/TestSubject/Proyect/Content/Levels/MenuLevel/_Generated_/12RW0XFPFKKFV3Z96QMQS7FWF.uexp" 1302
"C:/Users/plant/Documents/Unreal Projects/TestSubject/Proyect/Content/Levels/MenuLevel/_Generated_/12RW0XFPFKKFV3Z96QMQS7FWF.ubulk" 1303
"C:/Users/plant/Documents/Unreal Projects/TestSubject/Proyect/Content/Levels/MenuLevel/_Generated_/12RW0XFPFKKFV3Z96QMQS7FWF.umap" 1304
"C:/Users/plant/Documents/Unreal Projects/TestSubject/Proyect/Content/Levels/MenuLevel/_Generated_/AAXP7Q4N1Z3OD2KA4K8HXJLCU.uexp" 1305
"C:/Users/plant/Documents/Unreal Projects/TestSubject/Proyect/Content/Levels/MenuLevel/_Generated_/AAXP7Q4N1Z3OD2KA4K8HXJLCU.ubulk" 1306
"C:/Users/plant/Documents/Unreal Projects/TestSubject/Proyect/Content/Levels/MenuLevel/_Generated_/AAXP7Q4N1Z3OD2KA4K8HXJLCU.umap" 1307
"C:/Users/plant/Documents/Unreal Projects/TestSubject/Proyect/Content/Levels/MenuLevel/_Generated_/915E53N8DNWHMIPZ3ARXX8IJV.uexp" 1308
"C:/Users/plant/Documents/Unreal Projects/TestSubject/Proyect/Content/Levels/MenuLevel/_Generated_/915E53N8DNWHMIPZ3ARXX8IJV.ubulk" 1309
"C:/Users/plant/Documents/Unreal Projects/TestSubject/Proyect/Content/Levels/MenuLevel/_Generated_/915E53N8DNWHMIPZ3ARXX8IJV.umap" 1310
"C:/Users/plant/Documents/Unreal Projects/TestSubject/Proyect/Content/Levels/MenuLevel/_Generated_/0YXWEGN77AHY0VZ4MGI8H4LIS.uexp" 1311
"C:/Users/plant/Documents/Unreal Projects/TestSubject/Proyect/Content/Levels/MenuLevel/_Generated_/0YXWEGN77AHY0VZ4MGI8H4LIS.ubulk" 1312
"C:/Users/plant/Documents/Unreal Projects/TestSubject/Proyect/Content/Levels/MenuLevel/_Generated_/0YXWEGN77AHY0VZ4MGI8H4LIS.umap" 1313
"C:/Users/plant/Documents/Unreal Projects/TestSubject/Proyect/Content/Levels/MenuLevel/_Generated_/7UK2CNYKALJLZ5S8I2U1RV8BF.uexp" 1314
"C:/Users/plant/Documents/Unreal Projects/TestSubject/Proyect/Content/Levels/MenuLevel/_Generated_/7UK2CNYKALJLZ5S8I2U1RV8BF.ubulk" 1315
"C:/Users/plant/Documents/Unreal Projects/TestSubject/Proyect/Content/Levels/MenuLevel/_Generated_/7UK2CNYKALJLZ5S8I2U1RV8BF.umap" 1316
"C:/Users/plant/Documents/Unreal Projects/TestSubject/Proyect/Content/Levels/MenuLevel/_Generated_/B13DJY7VZAH9BQFTDTLFAQFSU.uexp" 1317
"C:/Users/plant/Documents/Unreal Projects/TestSubject/Proyect/Content/Levels/MenuLevel/_Generated_/B13DJY7VZAH9BQFTDTLFAQFSU.ubulk" 1318
"C:/Users/plant/Documents/Unreal Projects/TestSubject/Proyect/Content/Levels/MenuLevel/_Generated_/B13DJY7VZAH9BQFTDTLFAQFSU.umap" 1319
"C:/Users/plant/Documents/Unreal Projects/TestSubject/Proyect/Content/Levels/MenuLevel/_Generated_/4BQ9GG9YH0J8KIPVZEHU2ICCU.uexp" 1320
"C:/Users/plant/Documents/Unreal Projects/TestSubject/Proyect/Content/Levels/MenuLevel/_Generated_/4BQ9GG9YH0J8KIPVZEHU2ICCU.ubulk" 1321
"C:/Users/plant/Documents/Unreal Projects/TestSubject/Proyect/Content/Levels/MenuLevel/_Generated_/4BQ9GG9YH0J8KIPVZEHU2ICCU.umap" 1322
"C:/Users/plant/Documents/Unreal Projects/TestSubject/Proyect/Content/Levels/MenuLevel/_Generated_/BPHEO45EZWUR7C1CPMQF19O21.uexp" 1323
"C:/Users/plant/Documents/Unreal Projects/TestSubject/Proyect/Content/Levels/MenuLevel/_Generated_/BPHEO45EZWUR7C1CPMQF19O21.ubulk" 1324
"C:/Users/plant/Documents/Unreal Projects/TestSubject/Proyect/Content/Levels/MenuLevel/_Generated_/BPHEO45EZWUR7C1CPMQF19O21.umap" 1325
"C:/Users/plant/Documents/Unreal Projects/TestSubject/Proyect/Content/Levels/MenuLevel/_Generated_/3J0AMX3URQEKZO32QJ87YRUL0.uexp" 1326
"C:/Users/plant/Documents/Unreal Projects/TestSubject/Proyect/Content/Levels/MenuLevel/_Generated_/3J0AMX3URQEKZO32QJ87YRUL0.ubulk" 1327
"C:/Users/plant/Documents/Unreal Projects/TestSubject/Proyect/Content/Levels/MenuLevel/_Generated_/3J0AMX3URQEKZO32QJ87YRUL0.umap" 1328
"C:/Users/plant/Documents/Unreal Projects/TestSubject/Proyect/Content/Levels/MenuLevel/_Generated_/1AH2BQQNPD2HW90T3EC3FMIEA.uexp" 1329
"C:/Users/plant/Documents/Unreal Projects/TestSubject/Proyect/Content/Levels/MenuLevel/_Generated_/1AH2BQQNPD2HW90T3EC3FMIEA.ubulk" 1330
"C:/Users/plant/Documents/Unreal Projects/TestSubject/Proyect/Content/Levels/MenuLevel/_Generated_/1AH2BQQNPD2HW90T3EC3FMIEA.umap" 1331
"C:/Users/plant/Documents/Unreal Projects/TestSubject/Proyect/Content/Levels/MenuLevel/_Generated_/A82X0884NM3DJXBYN1DK2D60P.uexp" 1332
"C:/Users/plant/Documents/Unreal Projects/TestSubject/Proyect/Content/Levels/MenuLevel/_Generated_/A82X0884NM3DJXBYN1DK2D60P.ubulk" 1333
"C:/Users/plant/Documents/Unreal Projects/TestSubject/Proyect/Content/Levels/MenuLevel/_Generated_/A82X0884NM3DJXBYN1DK2D60P.umap" 1334
"C:/Users/plant/Documents/Unreal Projects/TestSubject/Proyect/Content/Levels/MenuLevel/_Generated_/83UEZKMGXNM3BQLJVKW5AG5V3.uexp" 1335
"C:/Users/plant/Documents/Unreal Projects/TestSubject/Proyect/Content/Levels/MenuLevel/_Generated_/83UEZKMGXNM3BQLJVKW5AG5V3.ubulk" 1336
"C:/Users/plant/Documents/Unreal Projects/TestSubject/Proyect/Content/Levels/MenuLevel/_Generated_/83UEZKMGXNM3BQLJVKW5AG5V3.umap" 1337
"C:/Users/plant/Documents/Unreal Projects/TestSubject/Proyect/Content/Levels/MenuLevel/_Generated_/BQ4N65070V5M4YBBRSEX4HCN5.uexp" 1338
"C:/Users/plant/Documents/Unreal Projects/TestSubject/Proyect/Content/Levels/MenuLevel/_Generated_/BQ4N65070V5M4YBBRSEX4HCN5.ubulk" 1339
"C:/Users/plant/Documents/Unreal Projects/TestSubject/Proyect/Content/Levels/MenuLevel/_Generated_/BQ4N65070V5M4YBBRSEX4HCN5.umap" 1340
"C:/Users/plant/Documents/Unreal Projects/TestSubject/Proyect/Content/Levels/MenuLevel/_Generated_/6NZ1UPUHOYBBU3W8AJU1Y2MRL.uexp" 1341
"C:/Users/plant/Documents/Unreal Projects/TestSubject/Proyect/Content/Levels/MenuLevel/_Generated_/6NZ1UPUHOYBBU3W8AJU1Y2MRL.ubulk" 1342
"C:/Users/plant/Documents/Unreal Projects/TestSubject/Proyect/Content/Levels/MenuLevel/_Generated_/6NZ1UPUHOYBBU3W8AJU1Y2MRL.umap" 1343
"C:/Users/plant/Documents/Unreal Projects/TestSubject/Proyect/Content/Levels/MenuLevel/_Generated_/0NPXKWTZBO3SYIAWS8F3F54AB.uexp" 1344
"C:/Users/plant/Documents/Unreal Projects/TestSubject/Proyect/Content/Levels/MenuLevel/_Generated_/0NPXKWTZBO3SYIAWS8F3F54AB.ubulk" 1345
"C:/Users/plant/Documents/Unreal Projects/TestSubject/Proyect/Content/Levels/MenuLevel/_Generated_/0NPXKWTZBO3SYIAWS8F3F54AB.umap" 1346
"C:/Users/plant/Documents/Unreal Projects/TestSubject/Proyect/Content/Levels/MenuLevel/_Generated_/1A8GKWJ10DNLHMX0CHXG27LTG.uexp" 1347
"C:/Users/plant/Documents/Unreal Projects/TestSubject/Proyect/Content/Levels/MenuLevel/_Generated_/1A8GKWJ10DNLHMX0CHXG27LTG.ubulk" 1348
"C:/Users/plant/Documents/Unreal Projects/TestSubject/Proyect/Content/Levels/MenuLevel/_Generated_/1A8GKWJ10DNLHMX0CHXG27LTG.umap" 1349
"C:/Users/plant/Documents/Unreal Projects/TestSubject/Proyect/Content/Levels/MenuLevel/_Generated_/95W02YJ2SMGXX72ORVRNREO0K.uexp" 1350
"C:/Users/plant/Documents/Unreal Projects/TestSubject/Proyect/Content/Levels/MenuLevel/_Generated_/95W02YJ2SMGXX72ORVRNREO0K.ubulk" 1351
"C:/Users/plant/Documents/Unreal Projects/TestSubject/Proyect/Content/Levels/MenuLevel/_Generated_/95W02YJ2SMGXX72ORVRNREO0K.umap" 1352
"C:/Users/plant/Documents/Unreal Projects/TestSubject/Proyect/Content/Levels/MenuLevel/_Generated_/DEX703QP8UJLNV0AYOOYIW9AH.uexp" 1353
"C:/Users/plant/Documents/Unreal Projects/TestSubject/Proyect/Content/Levels/MenuLevel/_Generated_/DEX703QP8UJLNV0AYOOYIW9AH.ubulk" 1354
"C:/Users/plant/Documents/Unreal Projects/TestSubject/Proyect/Content/Levels/MenuLevel/_Generated_/DEX703QP8UJLNV0AYOOYIW9AH.umap" 1355
"C:/Users/plant/Documents/Unreal Projects/TestSubject/Proyect/Content/Levels/MenuLevel/_Generated_/7OX8QE1VQPF7WHYSJW3LV15R9.uexp" 1356
"C:/Users/plant/Documents/Unreal Projects/TestSubject/Proyect/Content/Levels/MenuLevel/_Generated_/7OX8QE1VQPF7WHYSJW3LV15R9.ubulk" 1357
"C:/Users/plant/Documents/Unreal Projects/TestSubject/Proyect/Content/Levels/MenuLevel/_Generated_/7OX8QE1VQPF7WHYSJW3LV15R9.umap" 1358
"C:/Users/plant/Documents/Unreal Projects/TestSubject/Proyect/Content/Levels/MenuLevel/_Generated_/E15II2U4VDJ4BI7DRTZERCQ2E.uexp" 1359
"C:/Users/plant/Documents/Unreal Projects/TestSubject/Proyect/Content/Levels/MenuLevel/_Generated_/E15II2U4VDJ4BI7DRTZERCQ2E.ubulk" 1360
"C:/Users/plant/Documents/Unreal Projects/TestSubject/Proyect/Content/Levels/MenuLevel/_Generated_/E15II2U4VDJ4BI7DRTZERCQ2E.umap" 1361
"C:/Users/plant/Documents/Unreal Projects/TestSubject/Proyect/Content/Levels/MenuLevel/_Generated_/744GNSP2FBBCTE64G4J1VJ9PT.uexp" 1362
"C:/Users/plant/Documents/Unreal Projects/TestSubject/Proyect/Content/Levels/MenuLevel/_Generated_/744GNSP2FBBCTE64G4J1VJ9PT.ubulk" 1363
"C:/Users/plant/Documents/Unreal Projects/TestSubject/Proyect/Content/Levels/MenuLevel/_Generated_/744GNSP2FBBCTE64G4J1VJ9PT.umap" 1364
"C:/Users/plant/Documents/Unreal Projects/TestSubject/Proyect/Content/Levels/MenuLevel/_Generated_/E5679X8G8NV2TED0ZH99D65CP.uexp" 1365
"C:/Users/plant/Documents/Unreal Projects/TestSubject/Proyect/Content/Levels/MenuLevel/_Generated_/E5679X8G8NV2TED0ZH99D65CP.ubulk" 1366
"C:/Users/plant/Documents/Unreal Projects/TestSubject/Proyect/Content/Levels/MenuLevel/_Generated_/E5679X8G8NV2TED0ZH99D65CP.umap" 1367
"C:/Users/plant/Documents/Unreal Projects/TestSubject/Proyect/Content/Levels/MenuLevel/_Generated_/7SJ1CVBOCHF78GZBNHU731OC6.uexp" 1368
"C:/Users/plant/Documents/Unreal Projects/TestSubject/Proyect/Content/Levels/MenuLevel/_Generated_/7SJ1CVBOCHF78GZBNHU731OC6.ubulk" 1369
"C:/Users/plant/Documents/Unreal Projects/TestSubject/Proyect/Content/Levels/MenuLevel/_Generated_/7SJ1CVBOCHF78GZBNHU731OC6.umap" 1370
"C:/Users/plant/Documents/Unreal Projects/TestSubject/Proyect/Content/Levels/MenuLevel/_Generated_/96ESI1X1SA690D0MIMBU13C17.uexp" 1371
"C:/Users/plant/Documents/Unreal Projects/TestSubject/Proyect/Content/Levels/MenuLevel/_Generated_/96ESI1X1SA690D0MIMBU13C17.ubulk" 1372
"C:/Users/plant/Documents/Unreal Projects/TestSubject/Proyect/Content/Levels/MenuLevel/_Generated_/96ESI1X1SA690D0MIMBU13C17.umap" 1373
"C:/Users/plant/Documents/Unreal Projects/TestSubject/Proyect/Content/Levels/MenuLevel/_Generated_/C45Q6CXRCQX8AQ136N95CYXLW.uexp" 1374
"C:/Users/plant/Documents/Unreal Projects/TestSubject/Proyect/Content/Levels/MenuLevel/_Generated_/C45Q6CXRCQX8AQ136N95CYXLW.ubulk" 1375
"C:/Users/plant/Documents/Unreal Projects/TestSubject/Proyect/Content/Levels/MenuLevel/_Generated_/C45Q6CXRCQX8AQ136N95CYXLW.umap" 1376
"C:/Users/plant/Documents/Unreal Projects/TestSubject/Proyect/Content/Levels/MenuLevel/_Generated_/8E1CX9ENLA714U1PNUC3FZJLC.uexp" 1377
"C:/Users/plant/Documents/Unreal Projects/TestSubject/Proyect/Content/Levels/MenuLevel/_Generated_/8E1CX9ENLA714U1PNUC3FZJLC.ubulk" 1378
"C:/Users/plant/Documents/Unreal Projects/TestSubject/Proyect/Content/Levels/MenuLevel/_Generated_/8E1CX9ENLA714U1PNUC3FZJLC.umap" 1379
"C:/Users/plant/Documents/Unreal Projects/TestSubject/Proyect/Content/Levels/MenuLevel/_Generated_/8LXSNHESMQCWV3Y5J60C8YXLV.uexp" 1380
"C:/Users/plant/Documents/Unreal Projects/TestSubject/Proyect/Content/Levels/MenuLevel/_Generated_/8LXSNHESMQCWV3Y5J60C8YXLV.ubulk" 1381
"C:/Users/plant/Documents/Unreal Projects/TestSubject/Proyect/Content/Levels/MenuLevel/_Generated_/8LXSNHESMQCWV3Y5J60C8YXLV.umap" 1382
"C:/Users/plant/Documents/Unreal Projects/TestSubject/Proyect/Content/Levels/MenuLevel/_Generated_/B2YFD9BVKVODQCLMJVBORVNGS.uexp" 1383
"C:/Users/plant/Documents/Unreal Projects/TestSubject/Proyect/Content/Levels/MenuLevel/_Generated_/B2YFD9BVKVODQCLMJVBORVNGS.ubulk" 1384
"C:/Users/plant/Documents/Unreal Projects/TestSubject/Proyect/Content/Levels/MenuLevel/_Generated_/B2YFD9BVKVODQCLMJVBORVNGS.umap" 1385
"C:/Users/plant/Documents/Unreal Projects/TestSubject/Proyect/Content/Levels/MenuLevel/_Generated_/7A83ZAC8LC391D2RCDV3PB4Z7.uexp" 1386
"C:/Users/plant/Documents/Unreal Projects/TestSubject/Proyect/Content/Levels/MenuLevel/_Generated_/7A83ZAC8LC391D2RCDV3PB4Z7.ubulk" 1387
"C:/Users/plant/Documents/Unreal Projects/TestSubject/Proyect/Content/Levels/MenuLevel/_Generated_/7A83ZAC8LC391D2RCDV3PB4Z7.umap" 1388
"C:/Users/plant/Documents/Unreal Projects/TestSubject/Proyect/Content/Levels/MenuLevel/_Generated_/8B0V4OWHZ69BUHW3GWQD650K8.uexp" 1389
"C:/Users/plant/Documents/Unreal Projects/TestSubject/Proyect/Content/Levels/MenuLevel/_Generated_/8B0V4OWHZ69BUHW3GWQD650K8.ubulk" 1390
"C:/Users/plant/Documents/Unreal Projects/TestSubject/Proyect/Content/Levels/MenuLevel/_Generated_/8B0V4OWHZ69BUHW3GWQD650K8.umap" 1391
"C:/Users/plant/Documents/Unreal Projects/TestSubject/Proyect/Content/Levels/MenuLevel/_Generated_/B0GACTGJ9XLMEYAVRVK3Y0CIA.uexp" 1392
"C:/Users/plant/Documents/Unreal Projects/TestSubject/Proyect/Content/Levels/MenuLevel/_Generated_/B0GACTGJ9XLMEYAVRVK3Y0CIA.ubulk" 1393
"C:/Users/plant/Documents/Unreal Projects/TestSubject/Proyect/Content/Levels/MenuLevel/_Generated_/B0GACTGJ9XLMEYAVRVK3Y0CIA.umap" 1394
"C:/Users/plant/Documents/Unreal Projects/TestSubject/Proyect/Content/Levels/MenuLevel/_Generated_/269MOM6L0AIMYIA7O41IGDJ7C.uexp" 1395
"C:/Users/plant/Documents/Unreal Projects/TestSubject/Proyect/Content/Levels/MenuLevel/_Generated_/269MOM6L0AIMYIA7O41IGDJ7C.ubulk" 1396
"C:/Users/plant/Documents/Unreal Projects/TestSubject/Proyect/Content/Levels/MenuLevel/_Generated_/269MOM6L0AIMYIA7O41IGDJ7C.umap" 1397
"C:/Users/plant/Documents/Unreal Projects/TestSubject/Proyect/Content/Levels/MenuLevel/_Generated_/43HA3DO49DDB4R1YBDH0TAWTI.uexp" 1398
"C:/Users/plant/Documents/Unreal Projects/TestSubject/Proyect/Content/Levels/MenuLevel/_Generated_/43HA3DO49DDB4R1YBDH0TAWTI.ubulk" 1399
"C:/Users/plant/Documents/Unreal Projects/TestSubject/Proyect/Content/Levels/MenuLevel/_Generated_/43HA3DO49DDB4R1YBDH0TAWTI.umap" 1400
